id,indicador,geo_type,geo_id,geo_nombre,sexo,year,valor
52,Camas censables por cada 100 mil habitantes,mun,11001,Abasolo,Total,2024,21.0588383944742
52,Camas censables por cada 100 mil habitantes,mun,11002,Acámbaro,Total,2024,73.0480199421094
52,Camas censables por cada 100 mil habitantes,mun,11003,Allende,Total,2024,32.4913589790991
52,Camas censables por cada 100 mil habitantes,mun,11004,Apaseo el Alto,Total,2024,31.7304183655661
52,Camas censables por cada 100 mil habitantes,mun,11005,Apaseo el Grande,Total,2024,9.30023483092948
52,Camas censables por cada 100 mil habitantes,mun,11006,Atarjea,Total,2024,0.0
52,Camas censables por cada 100 mil habitantes,mun,11007,Celaya,Total,2024,73.7770591412858
52,Camas censables por cada 100 mil habitantes,mun,11008,Manuel Doblado,Total,2024,38.8163302584711
52,Camas censables por cada 100 mil habitantes,mun,11009,Comonfort,Total,2024,21.795725616032
52,Camas censables por cada 100 mil habitantes,mun,11010,Coroneo,Total,2024,0.0
52,Camas censables por cada 100 mil habitantes,mun,11011,Cortazar,Total,2024,12.8553770086527
52,Camas censables por cada 100 mil habitantes,mun,11012,Cuerámaro,Total,2024,0.0
52,Camas censables por cada 100 mil habitantes,mun,11013,Doctor Mora,Total,2024,0.0
52,Camas censables por cada 100 mil habitantes,mun,11014,Dolores Hidalgo,Total,2024,34.3806047548376
52,Camas censables por cada 100 mil habitantes,mun,11015,Guanajuato,Total,2024,66.661476478717
52,Camas censables por cada 100 mil habitantes,mun,11016,Huanímaro,Total,2024,37.6967298086891
52,Camas censables por cada 100 mil habitantes,mun,11017,Irapuato,Total,2024,68.1757535129225
52,Camas censables por cada 100 mil habitantes,mun,11018,Jaral del Progreso,Total,2024,50.155481994182
52,Camas censables por cada 100 mil habitantes,mun,11019,Jerécuaro,Total,2024,35.7596948506039
52,Camas censables por cada 100 mil habitantes,mun,11020,León,Total,2024,96.6308302581431
52,Camas censables por cada 100 mil habitantes,mun,11021,Moroleón,Total,2024,78.3782066218993
52,Camas censables por cada 100 mil habitantes,mun,11022,Ocampo,Total,2024,0.0
52,Camas censables por cada 100 mil habitantes,mun,11023,Pénjamo,Total,2024,26.2183740862585
52,Camas censables por cada 100 mil habitantes,mun,11024,Pueblo Nuevo,Total,2024,0.0
52,Camas censables por cada 100 mil habitantes,mun,11025,Purísima del Rincón,Total,2024,34.0001133337111
52,Camas censables por cada 100 mil habitantes,mun,11026,Romita,Total,2024,17.2082484871082
52,Camas censables por cada 100 mil habitantes,mun,11027,Salamanca,Total,2024,59.8339878808977
52,Camas censables por cada 100 mil habitantes,mun,11028,Salvatierra,Total,2024,72.3743028651709
52,Camas censables por cada 100 mil habitantes,mun,11029,San Diego de la Unión,Total,2024,21.2264150943396
52,Camas censables por cada 100 mil habitantes,mun,11030,San Felipe,Total,2024,12.6056709762304
52,Camas censables por cada 100 mil habitantes,mun,11031,San Francisco del Rincón,Total,2024,20.7776575698738
52,Camas censables por cada 100 mil habitantes,mun,11032,San José Iturbide,Total,2024,30.6416358547995
52,Camas censables por cada 100 mil habitantes,mun,11033,San Luis de la Paz,Total,2024,52.8626598728359
52,Camas censables por cada 100 mil habitantes,mun,11034,Santa Catarina,Total,2024,0.0
52,Camas censables por cada 100 mil habitantes,mun,11036,Santiago Maravatío,Total,2024,0.0
52,Camas censables por cada 100 mil habitantes,mun,11037,Silao,Total,2024,43.5310559717735
52,Camas censables por cada 100 mil habitantes,mun,11038,Tarandacuao,Total,2024,0.0
52,Camas censables por cada 100 mil habitantes,mun,11039,Tarimoro,Total,2024,21.2184706787258
52,Camas censables por cada 100 mil habitantes,mun,11041,Uriangato,Total,2024,98.5043752360001
52,Camas censables por cada 100 mil habitantes,mun,11042,Valle de Santiago,Total,2024,19.418732604052
52,Camas censables por cada 100 mil habitantes,mun,11043,Victoria,Total,2024,0.0
52,Camas censables por cada 100 mil habitantes,mun,11044,Villagrán,Total,2024,21.4629120879121
52,Camas censables por cada 100 mil habitantes,mun,11045,Xichú,Total,2024,0.0
52,Camas censables por cada 100 mil habitantes,mun,11046,Yuriria,Total,2024,23.149487817582
51,Enfermeras en instituciones públicas de salud por cada 100 mil habitantes,mun,11001,Abasolo,Total,2024,116.876553089332
51,Enfermeras en instituciones públicas de salud por cada 100 mil habitantes,mun,11002,Acámbaro,Total,2024,332.368490736598
51,Enfermeras en instituciones públicas de salud por cada 100 mil habitantes,mun,11003,Allende,Total,2024,149.012094628282
51,Enfermeras en instituciones públicas de salud por cada 100 mil habitantes,mun,11004,Apaseo el Alto,Total,2024,134.854278053656
51,Enfermeras en instituciones públicas de salud por cada 100 mil habitantes,mun,11005,Apaseo el Grande,Total,2024,82.1520743398771
51,Enfermeras en instituciones públicas de salud por cada 100 mil habitantes,mun,11006,Atarjea,Total,2024,291.385904206884
51,Enfermeras en instituciones públicas de salud por cada 100 mil habitantes,mun,11007,Celaya,Total,2024,259.579235111354
51,Enfermeras en instituciones públicas de salud por cada 100 mil habitantes,mun,11008,Manuel Doblado,Total,2024,212.348159649283
51,Enfermeras en instituciones públicas de salud por cada 100 mil habitantes,mun,11009,Comonfort,Total,2024,151.359205666889
51,Enfermeras en instituciones públicas de salud por cada 100 mil habitantes,mun,11010,Coroneo,Total,2024,290.196789698014
51,Enfermeras en instituciones públicas de salud por cada 100 mil habitantes,mun,11011,Cortazar,Total,2024,100.865265760198
51,Enfermeras en instituciones públicas de salud por cada 100 mil habitantes,mun,11012,Cuerámaro,Total,2024,89.554912086928
51,Enfermeras en instituciones públicas de salud por cada 100 mil habitantes,mun,11013,Doctor Mora,Total,2024,95.0957750305665
51,Enfermeras en instituciones públicas de salud por cada 100 mil habitantes,mun,11014,Dolores Hidalgo,Total,2024,134.657368623114
51,Enfermeras en instituciones públicas de salud por cada 100 mil habitantes,mun,11015,Guanajuato,Total,2024,211.662352322933
51,Enfermeras en instituciones públicas de salud por cada 100 mil habitantes,mun,11016,Huanímaro,Total,2024,146.07482800867
51,Enfermeras en instituciones públicas de salud por cada 100 mil habitantes,mun,11017,Irapuato,Total,2024,220.79832342968
51,Enfermeras en instituciones públicas de salud por cada 100 mil habitantes,mun,11018,Jaral del Progreso,Total,2024,220.684120774401
51,Enfermeras en instituciones públicas de salud por cada 100 mil habitantes,mun,11019,Jerécuaro,Total,2024,196.678321678322
51,Enfermeras en instituciones públicas de salud por cada 100 mil habitantes,mun,11020,León,Total,2024,314.198736507333
51,Enfermeras en instituciones públicas de salud por cada 100 mil habitantes,mun,11021,Moroleón,Total,2024,252.081259135298
51,Enfermeras en instituciones públicas de salud por cada 100 mil habitantes,mun,11022,Ocampo,Total,2024,130.996636572845
51,Enfermeras en instituciones públicas de salud por cada 100 mil habitantes,mun,11023,Pénjamo,Total,2024,192.268076632562
51,Enfermeras en instituciones públicas de salud por cada 100 mil habitantes,mun,11024,Pueblo Nuevo,Total,2024,170.450143333075
51,Enfermeras en instituciones públicas de salud por cada 100 mil habitantes,mun,11025,Purísima del Rincón,Total,2024,170.000566668556
51,Enfermeras en instituciones públicas de salud por cada 100 mil habitantes,mun,11026,Romita,Total,2024,133.363925775088
51,Enfermeras en instituciones públicas de salud por cada 100 mil habitantes,mun,11027,Salamanca,Total,2024,281.038427925429
51,Enfermeras en instituciones públicas de salud por cada 100 mil habitantes,mun,11028,Salvatierra,Total,2024,273.532291711014
51,Enfermeras en instituciones públicas de salud por cada 100 mil habitantes,mun,11029,San Diego de la Unión,Total,2024,129.716981132075
51,Enfermeras en instituciones públicas de salud por cada 100 mil habitantes,mun,11030,San Felipe,Total,2024,104.784639989915
51,Enfermeras en instituciones públicas de salud por cada 100 mil habitantes,mun,11031,San Francisco del Rincón,Total,2024,150.458899643914
51,Enfermeras en instituciones públicas de salud por cada 100 mil habitantes,mun,11032,San José Iturbide,Total,2024,179.76426368149
51,Enfermeras en instituciones públicas de salud por cada 100 mil habitantes,mun,11033,San Luis de la Paz,Total,2024,241.552987474486
51,Enfermeras en instituciones públicas de salud por cada 100 mil habitantes,mun,11034,Santa Catarina,Total,2024,322.476620445018
51,Enfermeras en instituciones públicas de salud por cada 100 mil habitantes,mun,11036,Santiago Maravatío,Total,2024,340.993328391401
51,Enfermeras en instituciones públicas de salud por cada 100 mil habitantes,mun,11037,Silao,Total,2024,198.868192544734
51,Enfermeras en instituciones públicas de salud por cada 100 mil habitantes,mun,11038,Tarandacuao,Total,2024,259.461393933972
51,Enfermeras en instituciones públicas de salud por cada 100 mil habitantes,mun,11039,Tarimoro,Total,2024,214.837015622099
51,Enfermeras en instituciones públicas de salud por cada 100 mil habitantes,mun,11041,Uriangato,Total,2024,297.154865295267
51,Enfermeras en instituciones públicas de salud por cada 100 mil habitantes,mun,11042,Valle de Santiago,Total,2024,172.826720176063
51,Enfermeras en instituciones públicas de salud por cada 100 mil habitantes,mun,11043,Victoria,Total,2024,127.510360216768
51,Enfermeras en instituciones públicas de salud por cada 100 mil habitantes,mun,11044,Villagrán,Total,2024,135.931776556777
51,Enfermeras en instituciones públicas de salud por cada 100 mil habitantes,mun,11045,Xichú,Total,2024,232.954036376669
51,Enfermeras en instituciones públicas de salud por cada 100 mil habitantes,mun,11046,Yuriria,Total,2024,153.365356791481
1055,Tasa de mortalidad por diabetes y enfermedades hipertensivas,mun,11001,Abasolo,Hombres,2024,15.799174931975775
1055,Tasa de mortalidad por diabetes y enfermedades hipertensivas,mun,11001,Abasolo,Mujeres,2024,12.145748987854253
1055,Tasa de mortalidad por diabetes y enfermedades hipertensivas,mun,11001,Abasolo,Total,2024,13.898833340352944
1055,Tasa de mortalidad por diabetes y enfermedades hipertensivas,mun,11002,Acámbaro,Hombres,2024,21.654228374772824
1055,Tasa de mortalidad por diabetes y enfermedades hipertensivas,mun,11002,Acámbaro,Mujeres,2024,20.59001643740808
1055,Tasa de mortalidad por diabetes y enfermedades hipertensivas,mun,11002,Acámbaro,Total,2024,21.0926157582841
1055,Tasa de mortalidad por diabetes y enfermedades hipertensivas,mun,11003,Allende,Hombres,2024,10.870581634561436
1055,Tasa de mortalidad por diabetes y enfermedades hipertensivas,mun,11003,Allende,Mujeres,2024,9.681895930376413
1055,Tasa de mortalidad por diabetes y enfermedades hipertensivas,mun,11003,Allende,Total,2024,10.25158395375023
1055,Tasa de mortalidad por diabetes y enfermedades hipertensivas,mun,11004,Apaseo el Alto,Hombres,2024,12.655352565142616
1055,Tasa de mortalidad por diabetes y enfermedades hipertensivas,mun,11004,Apaseo el Alto,Mujeres,2024,14.589929844167132
1055,Tasa de mortalidad por diabetes y enfermedades hipertensivas,mun,11004,Apaseo el Alto,Total,2024,13.644079897193444
1055,Tasa de mortalidad por diabetes y enfermedades hipertensivas,mun,11005,Apaseo el Grande,Hombres,2024,10.451841132014792
1055,Tasa de mortalidad por diabetes y enfermedades hipertensivas,mun,11005,Apaseo el Grande,Mujeres,2024,8.827181735214472
1055,Tasa de mortalidad por diabetes y enfermedades hipertensivas,mun,11005,Apaseo el Grande,Total,2024,9.610242658627133
1055,Tasa de mortalidad por diabetes y enfermedades hipertensivas,mun,11006,Atarjea,Hombres,2024,11.078286558345644
1055,Tasa de mortalidad por diabetes y enfermedades hipertensivas,mun,11006,Atarjea,Mujeres,2024,7.186489399928135
1055,Tasa de mortalidad por diabetes y enfermedades hipertensivas,mun,11006,Atarjea,Total,2024,9.105809506465123
1055,Tasa de mortalidad por diabetes y enfermedades hipertensivas,mun,11007,Celaya,Hombres,2024,12.341800556503006
1055,Tasa de mortalidad por diabetes y enfermedades hipertensivas,mun,11007,Celaya,Mujeres,2024,13.085782227256418
1055,Tasa de mortalidad por diabetes y enfermedades hipertensivas,mun,11007,Celaya,Total,2024,12.725183173754944
1055,Tasa de mortalidad por diabetes y enfermedades hipertensivas,mun,11008,Manuel Doblado,Hombres,2024,9.084389194358115
1055,Tasa de mortalidad por diabetes y enfermedades hipertensivas,mun,11008,Manuel Doblado,Mujeres,2024,10.926095887417507
1055,Tasa de mortalidad por diabetes y enfermedades hipertensivas,mun,11008,Manuel Doblado,Total,2024,10.046579596310163
1055,Tasa de mortalidad por diabetes y enfermedades hipertensivas,mun,11009,Comonfort,Hombres,2024,15.855155482815055
1055,Tasa de mortalidad por diabetes y enfermedades hipertensivas,mun,11009,Comonfort,Mujeres,2024,15.86900025298406
1055,Tasa de mortalidad por diabetes y enfermedades hipertensivas,mun,11009,Comonfort,Total,2024,15.862444753889932
1055,Tasa de mortalidad por diabetes y enfermedades hipertensivas,mun,11010,Coroneo,Hombres,2024,17.23807699674392
1055,Tasa de mortalidad por diabetes y enfermedades hipertensivas,mun,11010,Coroneo,Mujeres,2024,17.22356183258698
52,Camas censables por cada 100 mil habitantes,mun,11035,Santa Cruz de Juventino Rosas,Total,2024,23.0593718141657
52,Camas censables por cada 100 mil habitantes,mun,11040,Tierra Blanca,Total,2024,0.0
51,Enfermeras en instituciones públicas de salud por cada 100 mil habitantes,mun,11035,Santa Cruz de Juventino Rosas,Total,2024,129.860672848197
51,Enfermeras en instituciones públicas de salud por cada 100 mil habitantes,mun,11040,Tierra Blanca,Total,2024,136.863466893199
1055,Tasa de mortalidad por diabetes y enfermedades hipertensivas,mun,11010,Coroneo,Total,2024,17.23043438831958
1055,Tasa de mortalidad por diabetes y enfermedades hipertensivas,mun,11011,Cortazar,Hombres,2024,14.863984362273987
1055,Tasa de mortalidad por diabetes y enfermedades hipertensivas,mun,11011,Cortazar,Mujeres,2024,19.03370311268337
1055,Tasa de mortalidad por diabetes y enfermedades hipertensivas,mun,11011,Cortazar,Total,2024,17.008652657601974
1055,Tasa de mortalidad por diabetes y enfermedades hipertensivas,mun,11012,Cuerámaro,Hombres,2024,8.654262224145391
1055,Tasa de mortalidad por diabetes y enfermedades hipertensivas,mun,11012,Cuerámaro,Mujeres,2024,9.23680868260016
1055,Tasa de mortalidad por diabetes y enfermedades hipertensivas,mun,11012,Cuerámaro,Total,2024,8.955491208692797
1055,Tasa de mortalidad por diabetes y enfermedades hipertensivas,mun,11013,Doctor Mora,Hombres,2024,3.515927149989452
1055,Tasa de mortalidad por diabetes y enfermedades hipertensivas,mun,11013,Doctor Mora,Mujeres,2024,7.8828089075740655
1055,Tasa de mortalidad por diabetes y enfermedades hipertensivas,mun,11013,Doctor Mora,Total,2024,5.773672055427252
1055,Tasa de mortalidad por diabetes y enfermedades hipertensivas,mun,11014,Dolores Hidalgo,Hombres,2024,10.7640022737443
1055,Tasa de mortalidad por diabetes y enfermedades hipertensivas,mun,11014,Dolores Hidalgo,Mujeres,2024,8.493586253457327
1055,Tasa de mortalidad por diabetes y enfermedades hipertensivas,mun,11014,Dolores Hidalgo,Total,2024,9.569268323429808
1055,Tasa de mortalidad por diabetes y enfermedades hipertensivas,mun,11015,Guanajuato,Hombres,2024,8.8
1055,Tasa de mortalidad por diabetes y enfermedades hipertensivas,mun,11015,Guanajuato,Mujeres,2024,8.719056825505136
1055,Tasa de mortalidad por diabetes y enfermedades hipertensivas,mun,11015,Guanajuato,Total,2024,8.758442165086903
1055,Tasa de mortalidad por diabetes y enfermedades hipertensivas,mun,11016,Huanímaro,Hombres,2024,13.882002974714924
1055,Tasa de mortalidad por diabetes y enfermedades hipertensivas,mun,11016,Huanímaro,Mujeres,2024,16.162341743737095
1055,Tasa de mortalidad por diabetes y enfermedades hipertensivas,mun,11016,Huanímaro,Total,2024,15.078691923475638
1055,Tasa de mortalidad por diabetes y enfermedades hipertensivas,mun,11017,Irapuato,Hombres,2024,11.768167107972932
1055,Tasa de mortalidad por diabetes y enfermedades hipertensivas,mun,11017,Irapuato,Mujeres,2024,11.157742585806844
1055,Tasa de mortalidad por diabetes y enfermedades hipertensivas,mun,11017,Irapuato,Total,2024,11.454828275202248
1055,Tasa de mortalidad por diabetes y enfermedades hipertensivas,mun,11018,Jaral del Progreso,Hombres,2024,9.151921903599757
1055,Tasa de mortalidad por diabetes y enfermedades hipertensivas,mun,11018,Jaral del Progreso,Mujeres,2024,19.794140934283448
1055,Tasa de mortalidad por diabetes y enfermedades hipertensivas,mun,11018,Jaral del Progreso,Total,2024,14.545089778312768
1055,Tasa de mortalidad por diabetes y enfermedades hipertensivas,mun,11019,Jerécuaro,Hombres,2024,22.6510067114094
1055,Tasa de mortalidad por diabetes y enfermedades hipertensivas,mun,11019,Jerécuaro,Mujeres,2024,15.096618357487923
1055,Tasa de mortalidad por diabetes y enfermedades hipertensivas,mun,11019,Jerécuaro,Total,2024,18.674507310870943
1055,Tasa de mortalidad por diabetes y enfermedades hipertensivas,mun,11020,León,Hombres,2024,8.946784134223638
1055,Tasa de mortalidad por diabetes y enfermedades hipertensivas,mun,11020,León,Mujeres,2024,8.64386323060653
1055,Tasa de mortalidad por diabetes y enfermedades hipertensivas,mun,11020,León,Total,2024,8.793459567370432
1055,Tasa de mortalidad por diabetes y enfermedades hipertensivas,mun,11021,Moroleón,Hombres,2024,15.67257746731148
1055,Tasa de mortalidad por diabetes y enfermedades hipertensivas,mun,11021,Moroleón,Mujeres,2024,15.27638190954774
1055,Tasa de mortalidad por diabetes y enfermedades hipertensivas,mun,11021,Moroleón,Total,2024,15.46380833350986
1055,Tasa de mortalidad por diabetes y enfermedades hipertensivas,mun,11022,Ocampo,Hombres,2024,7.33998825601879
1055,Tasa de mortalidad por diabetes y enfermedades hipertensivas,mun,11022,Ocampo,Mujeres,2024,6.15552971752958
1055,Tasa de mortalidad por diabetes y enfermedades hipertensivas,mun,11022,Ocampo,Total,2024,6.726854310497433
1055,Tasa de mortalidad por diabetes y enfermedades hipertensivas,mun,11023,Pénjamo,Hombres,2024,16.348701992168444
1055,Tasa de mortalidad por diabetes y enfermedades hipertensivas,mun,11023,Pénjamo,Mujeres,2024,13.634315794465651
1055,Tasa de mortalidad por diabetes y enfermedades hipertensivas,mun,11023,Pénjamo,Total,2024,14.919503349085167
1055,Tasa de mortalidad por diabetes y enfermedades hipertensivas,mun,11024,Pueblo Nuevo,Hombres,2024,19.52807160292921
1055,Tasa de mortalidad por diabetes y enfermedades hipertensivas,mun,11024,Pueblo Nuevo,Mujeres,2024,22.18278615794144
1055,Tasa de mortalidad por diabetes y enfermedades hipertensivas,mun,11024,Pueblo Nuevo,Total,2024,20.91888122724103
36,Mortalidad por diabetes mellitus por cada 100 mil habitantes,mun,11012,Cuerámaro,Mujeres,2020,172.573189522342
36,Mortalidad por diabetes mellitus por cada 100 mil habitantes,mun,11036,Santiago Maravatío,Mujeres,2020,141.602945341263
36,Mortalidad por diabetes mellitus por cada 100 mil habitantes,mun,11043,Victoria,Mujeres,2020,174.428745857317
36,Mortalidad por diabetes mellitus por cada 100 mil habitantes,mun,11046,Yuriria,Mujeres,2020,137.976709531431
1055,Tasa de mortalidad por diabetes y enfermedades hipertensivas,mun,11025,Purísima del Rincón,Hombres,2024,6.858240175570948
1055,Tasa de mortalidad por diabetes y enfermedades hipertensivas,mun,11025,Purísima del Rincón,Mujeres,2024,9.439899307740719
1055,Tasa de mortalidad por diabetes y enfermedades hipertensivas,mun,11025,Purísima del Rincón,Total,2024,8.160027200090667
1055,Tasa de mortalidad por diabetes y enfermedades hipertensivas,mun,11026,Romita,Hombres,2024,9.917162524792909
1055,Tasa de mortalidad por diabetes y enfermedades hipertensivas,mun,11026,Romita,Mujeres,2024,10.71932299012694
1055,Tasa de mortalidad por diabetes y enfermedades hipertensivas,mun,11026,Romita,Total,2024,10.32494909226489
36,Mortalidad por diabetes mellitus por cada 100 mil habitantes,mun,11003,Allende,Mujeres,2022,89.926108908102
1055,Tasa de mortalidad por diabetes y enfermedades hipertensivas,mun,11027,Salamanca,Hombres,2024,15.830738642758
1055,Tasa de mortalidad por diabetes y enfermedades hipertensivas,mun,11027,Salamanca,Mujeres,2024,15.23042153876388
1055,Tasa de mortalidad por diabetes y enfermedades hipertensivas,mun,11027,Salamanca,Total,2024,15.520573826075289
36,Mortalidad por diabetes mellitus por cada 100 mil habitantes,mun,11027,Salamanca,Mujeres,2022,119.436540555731
1055,Tasa de mortalidad por diabetes y enfermedades hipertensivas,mun,11028,Salvatierra,Hombres,2024,18.71265922669372
36,Mortalidad por diabetes mellitus por cada 100 mil habitantes,mun,11034,Santa Catarina,Mujeres,2022,126.502213788741
36,Mortalidad por diabetes mellitus por cada 100 mil habitantes,mun,11041,Uriangato,Mujeres,2022,112.595002032965
1055,Tasa de mortalidad por diabetes y enfermedades hipertensivas,mun,11028,Salvatierra,Mujeres,2024,22.37858107699441
36,Mortalidad por diabetes mellitus por cada 100 mil habitantes,mun,11008,Manuel Doblado,Mujeres,2023,84.0224649537876
36,Mortalidad por diabetes mellitus por cada 100 mil habitantes,mun,11014,Dolores Hidalgo,Mujeres,2023,89.4474137550245
36,Mortalidad por diabetes mellitus por cada 100 mil habitantes,mun,11016,Huanímaro,Mujeres,2023,143.523501973448
1055,Tasa de mortalidad por diabetes y enfermedades hipertensivas,mun,11028,Salvatierra,Total,2024,20.647962876239944
36,Mortalidad por diabetes mellitus por cada 100 mil habitantes,mun,11028,Salvatierra,Mujeres,2023,237.486666532493
1055,Tasa de mortalidad por diabetes y enfermedades hipertensivas,mun,11029,San Diego de la Unión,Hombres,2024,15.146160448326349
1055,Tasa de mortalidad por diabetes y enfermedades hipertensivas,mun,11029,San Diego de la Unión,Mujeres,2024,11.065374230956492
1055,Tasa de mortalidad por diabetes y enfermedades hipertensivas,mun,11029,San Diego de la Unión,Total,2024,12.971698113207546
36,Mortalidad por diabetes mellitus por cada 100 mil habitantes,mun,11046,Yuriria,Mujeres,2023,130.186693257991
1055,Tasa de mortalidad por diabetes y enfermedades hipertensivas,mun,11030,San Felipe,Hombres,2024,5.160957357589833
1055,Tasa de mortalidad por diabetes y enfermedades hipertensivas,mun,11030,San Felipe,Mujeres,2024,8.163516781417988
1055,Tasa de mortalidad por diabetes y enfermedades hipertensivas,mun,11030,San Felipe,Total,2024,6.696762706122417
1055,Tasa de mortalidad por diabetes y enfermedades hipertensivas,mun,11031,San Francisco del Rincón,Hombres,2024,8.335404998318296
1055,Tasa de mortalidad por diabetes y enfermedades hipertensivas,mun,11031,San Francisco del Rincón,Mujeres,2024,11.097064194409327
1055,Tasa de mortalidad por diabetes y enfermedades hipertensivas,mun,11031,San Francisco del Rincón,Total,2024,9.744004929320141
1055,Tasa de mortalidad por diabetes y enfermedades hipertensivas,mun,11032,San José Iturbide,Hombres,2024,5.4610375971434575
1055,Tasa de mortalidad por diabetes y enfermedades hipertensivas,mun,11032,San José Iturbide,Mujeres,2024,6.163512008907269
1055,Tasa de mortalidad por diabetes y enfermedades hipertensivas,mun,11032,San José Iturbide,Total,2024,5.821910812411906
1055,Tasa de mortalidad por diabetes y enfermedades hipertensivas,mun,11033,San Luis de la Paz,Hombres,2024,8.783825433027184
1055,Tasa de mortalidad por diabetes y enfermedades hipertensivas,mun,11033,San Luis de la Paz,Mujeres,2024,10.377226195484504
1055,Tasa de mortalidad por diabetes y enfermedades hipertensivas,mun,11033,San Luis de la Paz,Total,2024,9.61806728241876
1055,Tasa de mortalidad por diabetes y enfermedades hipertensivas,mun,11034,Santa Catarina,Hombres,2024,10.249402118209773
1055,Tasa de mortalidad por diabetes y enfermedades hipertensivas,mun,11034,Santa Catarina,Mujeres,2024,6.106870229007634
1055,Tasa de mortalidad por diabetes y enfermedades hipertensivas,mun,11034,Santa Catarina,Total,2024,8.061915511125443
1055,Tasa de mortalidad por diabetes y enfermedades hipertensivas,mun,11036,Santiago Maravatío,Hombres,2024,21.65171667182184
1055,Tasa de mortalidad por diabetes y enfermedades hipertensivas,mun,11036,Santiago Maravatío,Mujeres,2024,28.47380410022779
1055,Tasa de mortalidad por diabetes y enfermedades hipertensivas,mun,11036,Santiago Maravatío,Total,2024,25.20385470719051
1055,Tasa de mortalidad por diabetes y enfermedades hipertensivas,mun,11037,Silao,Hombres,2024,8.51938623378307
1055,Tasa de mortalidad por diabetes y enfermedades hipertensivas,mun,11037,Silao,Mujeres,2024,8.435680206084577
1055,Tasa de mortalidad por diabetes y enfermedades hipertensivas,mun,11037,Silao,Total,2024,8.477100373450638
1055,Tasa de mortalidad por diabetes y enfermedades hipertensivas,mun,11038,Tarandacuao,Hombres,2024,13.086558235184146
1055,Tasa de mortalidad por diabetes y enfermedades hipertensivas,mun,11038,Tarandacuao,Mujeres,2024,8.579272477693891
1055,Tasa de mortalidad por diabetes y enfermedades hipertensivas,mun,11038,Tarandacuao,Total,2024,10.736333542095371
1055,Tasa de mortalidad por diabetes y enfermedades hipertensivas,mun,11039,Tarimoro,Hombres,2024,11.724638490313215
1055,Tasa de mortalidad por diabetes y enfermedades hipertensivas,mun,11039,Tarimoro,Mujeres,2024,15.15763945028294
1055,Tasa de mortalidad por diabetes y enfermedades hipertensivas,mun,11039,Tarimoro,Total,2024,13.526775057687717
1055,Tasa de mortalidad por diabetes y enfermedades hipertensivas,mun,11041,Uriangato,Hombres,2024,14.393420150788211
1055,Tasa de mortalidad por diabetes y enfermedades hipertensivas,mun,11041,Uriangato,Mujeres,2024,13.866565818915255
1055,Tasa de mortalidad por diabetes y enfermedades hipertensivas,mun,11041,Uriangato,Total,2024,14.11896045049334
1055,Tasa de mortalidad por diabetes y enfermedades hipertensivas,mun,11042,Valle de Santiago,Hombres,2024,18.270401948842878
1055,Tasa de mortalidad por diabetes y enfermedades hipertensivas,mun,11042,Valle de Santiago,Mujeres,2024,16.74937965260546
1055,Tasa de mortalidad por diabetes y enfermedades hipertensivas,mun,11042,Valle de Santiago,Total,2024,17.47685934364684
1055,Tasa de mortalidad por diabetes y enfermedades hipertensivas,mun,11043,Victoria,Hombres,2024,8.691453404152584
1055,Tasa de mortalidad por diabetes y enfermedades hipertensivas,mun,11043,Victoria,Mujeres,2024,10.34126163391934
1055,Tasa de mortalidad por diabetes y enfermedades hipertensivas,mun,11043,Victoria,Total,2024,9.563277016257569
1055,Tasa de mortalidad por diabetes y enfermedades hipertensivas,mun,11044,Villagrán,Hombres,2024,12.629600258466237
1055,Tasa de mortalidad por diabetes y enfermedades hipertensivas,mun,11044,Villagrán,Mujeres,2024,12.276443179598784
1055,Tasa de mortalidad por diabetes y enfermedades hipertensivas,mun,11044,Villagrán,Total,2024,12.44848901098901
1055,Tasa de mortalidad por diabetes y enfermedades hipertensivas,mun,11045,Xichú,Hombres,2024,14.922589069203507
1055,Tasa de mortalidad por diabetes y enfermedades hipertensivas,mun,11045,Xichú,Mujeres,2024,15.517241379310343
1055,Tasa de mortalidad por diabetes y enfermedades hipertensivas,mun,11045,Xichú,Total,2024,15.231610070782189
1055,Tasa de mortalidad por diabetes y enfermedades hipertensivas,mun,11046,Yuriria,Hombres,2024,16.04553298416639
1055,Tasa de mortalidad por diabetes y enfermedades hipertensivas,mun,11046,Yuriria,Mujeres,2024,17.735901344048774
1055,Tasa de mortalidad por diabetes y enfermedades hipertensivas,mun,11046,Yuriria,Total,2024,16.928062966606863
36,Mortalidad por diabetes mellitus por cada 100 mil habitantes,mun,11010,Coroneo,Total,2020,197.009044506134
36,Mortalidad por diabetes mellitus por cada 100 mil habitantes,mun,11011,Cortazar,Total,2020,151.06044431912
36,Mortalidad por diabetes mellitus por cada 100 mil habitantes,mun,11012,Cuerámaro,Total,2020,146.445512718474
36,Mortalidad por diabetes mellitus por cada 100 mil habitantes,mun,11018,Jaral del Progreso,Total,2020,137.401083941884
36,Mortalidad por diabetes mellitus por cada 100 mil habitantes,mun,11024,Pueblo Nuevo,Total,2020,166.772554002541
36,Mortalidad por diabetes mellitus por cada 100 mil habitantes,mun,11027,Salamanca,Total,2020,154.193930464676
36,Mortalidad por diabetes mellitus por cada 100 mil habitantes,mun,11029,San Diego de la Unión,Total,2020,120.007680491551
36,Mortalidad por diabetes mellitus por cada 100 mil habitantes,mun,11030,San Felipe,Total,2020,79.6747299683765
36,Mortalidad por diabetes mellitus por cada 100 mil habitantes,mun,11036,Santiago Maravatío,Total,2020,220.685596586729
36,Mortalidad por diabetes mellitus por cada 100 mil habitantes,mun,11045,Xichú,Total,2020,142.159040426477
36,Mortalidad por diabetes mellitus por cada 100 mil habitantes,mun,11001,Abasolo,Total,2021,151.775884735835
1055,Tasa de mortalidad por diabetes y enfermedades hipertensivas,mun,11006,Atarjea,Hombres,2023,11.135857461024498
36,Mortalidad por diabetes mellitus por cada 100 mil habitantes,mun,11007,Celaya,Total,2021,119.262035729932
36,Mortalidad por diabetes mellitus por cada 100 mil habitantes,mun,11008,Manuel Doblado,Total,2021,115.78997117066
1055,Tasa de mortalidad por diabetes y enfermedades hipertensivas,mun,11012,Cuerámaro,Mujeres,2023,16.436747872028178
36,Mortalidad por diabetes mellitus por cada 100 mil habitantes,mun,11014,Dolores Hidalgo,Total,2021,107.334525939177
1055,Tasa de mortalidad por diabetes y enfermedades hipertensivas,mun,11039,Tarimoro,Hombres,2023,15.211267605633804
36,Mortalidad por diabetes mellitus por cada 100 mil habitantes,mun,11024,Pueblo Nuevo,Total,2021,268.838459713766
36,Mortalidad por diabetes mellitus por cada 100 mil habitantes,mun,11031,San Francisco del Rincón,Total,2021,150.070949384486
36,Mortalidad por diabetes mellitus por cada 100 mil habitantes,mun,11042,Valle de Santiago,Total,2021,152.577778650898
36,Mortalidad por diabetes mellitus por cada 100 mil habitantes,mun,11046,Yuriria,Total,2021,171.623063832242
36,Mortalidad por diabetes mellitus por cada 100 mil habitantes,mun,11003,Allende,Total,2022,86.2190414471274
36,Mortalidad por diabetes mellitus por cada 100 mil habitantes,mun,11013,Doctor Mora,Total,2022,69.851913942442
36,Mortalidad por diabetes mellitus por cada 100 mil habitantes,mun,11019,Jerécuaro,Total,2022,195.324178342933
36,Mortalidad por diabetes mellitus por cada 100 mil habitantes,mun,11023,Pénjamo,Total,2022,140.763277827574
36,Mortalidad por diabetes mellitus por cada 100 mil habitantes,mun,11024,Pueblo Nuevo,Total,2022,204.306144900204
36,Mortalidad por diabetes mellitus por cada 100 mil habitantes,mun,11030,San Felipe,Total,2022,62.8550707119545
36,Mortalidad por diabetes mellitus por cada 100 mil habitantes,mun,11031,San Francisco del Rincón,Total,2022,113.858404219372
36,Mortalidad por diabetes mellitus por cada 100 mil habitantes,mun,11034,Santa Catarina,Total,2022,99.9666777740753
36,Mortalidad por diabetes mellitus por cada 100 mil habitantes,mun,11045,Xichú,Total,2022,71.4924039320822
36,Mortalidad por diabetes mellitus por cada 100 mil habitantes,mun,11006,Atarjea,Total,2023,54.9450549450549
36,Mortalidad por diabetes mellitus por cada 100 mil habitantes,mun,11018,Jaral del Progreso,Total,2023,93.1966449207828
1055,Tasa de mortalidad por diabetes y enfermedades hipertensivas,mun,11035,Santa Cruz de Juventino Rosas,Hombres,2024,9.579268446393908
1055,Tasa de mortalidad por diabetes y enfermedades hipertensivas,mun,11035,Santa Cruz de Juventino Rosas,Mujeres,2024,9.12771783649683
1055,Tasa de mortalidad por diabetes y enfermedades hipertensivas,mun,11035,Santa Cruz de Juventino Rosas,Total,2024,9.345113840477694
1055,Tasa de mortalidad por diabetes y enfermedades hipertensivas,mun,11040,Tierra Blanca,Hombres,2024,6.8119891008174385
1055,Tasa de mortalidad por diabetes y enfermedades hipertensivas,mun,11040,Tierra Blanca,Mujeres,2024,8.247044808943462
1055,Tasa de mortalidad por diabetes y enfermedades hipertensivas,mun,11040,Tierra Blanca,Total,2024,7.551087828590306
36,Mortalidad por diabetes mellitus por cada 100 mil habitantes,mun,11040,Tierra Blanca,Total,2022,91.7076937928371
36,Mortalidad por diabetes mellitus por cada 100 mil habitantes,mun,11001,Abasolo,Hombres,2020,109.615468934976
36,Mortalidad por diabetes mellitus por cada 100 mil habitantes,mun,11002,Acámbaro,Hombres,2020,171.869983190738
36,Mortalidad por diabetes mellitus por cada 100 mil habitantes,mun,11002,Acámbaro,Mujeres,2020,177.385928553866
36,Mortalidad por diabetes mellitus por cada 100 mil habitantes,mun,11002,Acámbaro,Total,2020,174.728124857806
36,Mortalidad por diabetes mellitus por cada 100 mil habitantes,mun,11003,Allende,Hombres,2020,111.312420808318
36,Mortalidad por diabetes mellitus por cada 100 mil habitantes,mun,11003,Allende,Total,2020,94.33962264150941
36,Mortalidad por diabetes mellitus por cada 100 mil habitantes,mun,11004,Apaseo el Alto,Hombres,2020,149.02646839667
36,Mortalidad por diabetes mellitus por cada 100 mil habitantes,mun,11005,Apaseo el Grande,Hombres,2020,100.025430194117
36,Mortalidad por diabetes mellitus por cada 100 mil habitantes,mun,11006,Atarjea,Total,2020,111.690245718541
36,Mortalidad por diabetes mellitus por cada 100 mil habitantes,mun,11007,Celaya,Hombres,2020,127.957068464787
36,Mortalidad por diabetes mellitus por cada 100 mil habitantes,mun,11008,Manuel Doblado,Hombres,2020,74.4306058651317
36,Mortalidad por diabetes mellitus por cada 100 mil habitantes,mun,11008,Manuel Doblado,Mujeres,2020,87.28809666008179
36,Mortalidad por diabetes mellitus por cada 100 mil habitantes,mun,11009,Comonfort,Hombres,2020,109.281284944597
36,Mortalidad por diabetes mellitus por cada 100 mil habitantes,mun,11010,Coroneo,Hombres,2020,243.948207918934
36,Mortalidad por diabetes mellitus por cada 100 mil habitantes,mun,11010,Coroneo,Mujeres,2020,154.162384378212
36,Mortalidad por diabetes mellitus por cada 100 mil habitantes,mun,11011,Cortazar,Hombres,2020,169.649322437157
36,Mortalidad por diabetes mellitus por cada 100 mil habitantes,mun,11012,Cuerámaro,Hombres,2020,118.530225207428
36,Mortalidad por diabetes mellitus por cada 100 mil habitantes,mun,11013,Doctor Mora,Hombres,2020,74.36602959767981
36,Mortalidad por diabetes mellitus por cada 100 mil habitantes,mun,11014,Dolores Hidalgo,Hombres,2020,112.452878410325
36,Mortalidad por diabetes mellitus por cada 100 mil habitantes,mun,11015,Guanajuato,Hombres,2020,100.147091039965
36,Mortalidad por diabetes mellitus por cada 100 mil habitantes,mun,11016,Huanímaro,Hombres,2020,167.702476077735
36,Mortalidad por diabetes mellitus por cada 100 mil habitantes,mun,11017,Irapuato,Hombres,2020,127.677684777983
36,Mortalidad por diabetes mellitus por cada 100 mil habitantes,mun,11017,Irapuato,Total,2020,118.831364167441
36,Mortalidad por diabetes mellitus por cada 100 mil habitantes,mun,11018,Jaral del Progreso,Hombres,2020,130.541486084278
36,Mortalidad por diabetes mellitus por cada 100 mil habitantes,mun,11019,Jerécuaro,Hombres,2020,158.491825158492
36,Mortalidad por diabetes mellitus por cada 100 mil habitantes,mun,11020,León,Hombres,2020,114.995054287152
36,Mortalidad por diabetes mellitus por cada 100 mil habitantes,mun,11021,Moroleón,Hombres,2020,113.245350407248
36,Mortalidad por diabetes mellitus por cada 100 mil habitantes,mun,11022,Ocampo,Hombres,2020,130.510440835267
36,Mortalidad por diabetes mellitus por cada 100 mil habitantes,mun,11023,Pénjamo,Hombres,2020,204.633969238894
36,Mortalidad por diabetes mellitus por cada 100 mil habitantes,mun,11024,Pueblo Nuevo,Hombres,2020,132.736021237763
36,Mortalidad por diabetes mellitus por cada 100 mil habitantes,mun,11025,Purísima del Rincón,Hombres,2020,99.767209843698
36,Mortalidad por diabetes mellitus por cada 100 mil habitantes,mun,11026,Romita,Hombres,2020,115.315752738749
36,Mortalidad por diabetes mellitus por cada 100 mil habitantes,mun,11027,Salamanca,Hombres,2020,157.077027298647
36,Mortalidad por diabetes mellitus por cada 100 mil habitantes,mun,11028,Salvatierra,Hombres,2020,280.453073026502
36,Mortalidad por diabetes mellitus por cada 100 mil habitantes,mun,11028,Salvatierra,Total,2020,247.462196200666
36,Mortalidad por diabetes mellitus por cada 100 mil habitantes,mun,11029,San Diego de la Unión,Hombres,2020,137.769160118379
36,Mortalidad por diabetes mellitus por cada 100 mil habitantes,mun,11030,San Felipe,Hombres,2020,74.32432432432431
36,Mortalidad por diabetes mellitus por cada 100 mil habitantes,mun,11031,San Francisco del Rincón,Hombres,2020,110.184405845895
36,Mortalidad por diabetes mellitus por cada 100 mil habitantes,mun,11032,San José Iturbide,Hombres,2020,92.273760493327
36,Mortalidad por diabetes mellitus por cada 100 mil habitantes,mun,11032,San José Iturbide,Total,2020,73.30656367276819
36,Mortalidad por diabetes mellitus por cada 100 mil habitantes,mun,11033,San Luis de la Paz,Hombres,2020,121.27680217328
36,Mortalidad por diabetes mellitus por cada 100 mil habitantes,mun,11034,Santa Catarina,Total,2020,85.7485851483451
36,Mortalidad por diabetes mellitus por cada 100 mil habitantes,mun,11036,Santiago Maravatío,Hombres,2020,306.184935701164
36,Mortalidad por diabetes mellitus por cada 100 mil habitantes,mun,11037,Silao,Hombres,2020,79.3534166054372
36,Mortalidad por diabetes mellitus por cada 100 mil habitantes,mun,11038,Tarandacuao,Hombres,2020,126.012601260126
36,Mortalidad por diabetes mellitus por cada 100 mil habitantes,mun,11039,Tarimoro,Hombres,2020,163.619950349808
36,Mortalidad por diabetes mellitus por cada 100 mil habitantes,mun,11041,Uriangato,Hombres,2020,96.5283094231601
36,Mortalidad por diabetes mellitus por cada 100 mil habitantes,mun,11042,Valle de Santiago,Hombres,2020,146.595721576718
36,Mortalidad por diabetes mellitus por cada 100 mil habitantes,mun,11043,Victoria,Hombres,2020,128.331688055281
36,Mortalidad por diabetes mellitus por cada 100 mil habitantes,mun,11043,Victoria,Total,2020,152.806075199111
36,Mortalidad por diabetes mellitus por cada 100 mil habitantes,mun,11044,Villagrán,Hombres,2020,128.436439252622
36,Mortalidad por diabetes mellitus por cada 100 mil habitantes,mun,11045,Xichú,Hombres,2020,93.6504963476307
36,Mortalidad por diabetes mellitus por cada 100 mil habitantes,mun,11046,Yuriria,Hombres,2020,162.059962186009
36,Mortalidad por diabetes mellitus por cada 100 mil habitantes,mun,11001,Abasolo,Hombres,2021,157.974368102528
36,Mortalidad por diabetes mellitus por cada 100 mil habitantes,mun,11002,Acámbaro,Hombres,2021,283.411737487468
36,Mortalidad por diabetes mellitus por cada 100 mil habitantes,mun,11003,Allende,Hombres,2021,137.503085005112
36,Mortalidad por diabetes mellitus por cada 100 mil habitantes,mun,11003,Allende,Total,2021,129.286496618227
36,Mortalidad por diabetes mellitus por cada 100 mil habitantes,mun,11004,Apaseo el Alto,Hombres,2021,151.033130884669
36,Mortalidad por diabetes mellitus por cada 100 mil habitantes,mun,11005,Apaseo el Grande,Hombres,2021,87.7089412518765
36,Mortalidad por diabetes mellitus por cada 100 mil habitantes,mun,11005,Apaseo el Grande,Total,2021,95.231893730974
36,Mortalidad por diabetes mellitus por cada 100 mil habitantes,mun,11006,Atarjea,Mujeres,2021,36.603221083455296
36,Mortalidad por diabetes mellitus por cada 100 mil habitantes,mun,11006,Atarjea,Total,2021,74.1289844329133
36,Mortalidad por diabetes mellitus por cada 100 mil habitantes,mun,11007,Celaya,Hombres,2021,112.603058792679
36,Mortalidad por diabetes mellitus por cada 100 mil habitantes,mun,11008,Manuel Doblado,Hombres,2021,93.887433908188
36,Mortalidad por diabetes mellitus por cada 100 mil habitantes,mun,11008,Manuel Doblado,Mujeres,2021,135.863411983153
36,Mortalidad por diabetes mellitus por cada 100 mil habitantes,mun,11009,Comonfort,Hombres,2021,165.058405281869
36,Mortalidad por diabetes mellitus por cada 100 mil habitantes,mun,11010,Coroneo,Hombres,2021,132.600871377155
36,Mortalidad por diabetes mellitus por cada 100 mil habitantes,mun,11010,Coroneo,Mujeres,2021,256.761383087984
36,Mortalidad por diabetes mellitus por cada 100 mil habitantes,mun,11011,Cortazar,Hombres,2021,140.339290873818
36,Mortalidad por diabetes mellitus por cada 100 mil habitantes,mun,11011,Cortazar,Total,2021,155.624052450326
36,Mortalidad por diabetes mellitus por cada 100 mil habitantes,mun,11012,Cuerámaro,Hombres,2021,84.41010324004941
36,Mortalidad por diabetes mellitus por cada 100 mil habitantes,mun,11013,Doctor Mora,Hombres,2021,73.0513551026372
36,Mortalidad por diabetes mellitus por cada 100 mil habitantes,mun,11014,Dolores Hidalgo,Hombres,2021,97.9186020236511
36,Mortalidad por diabetes mellitus por cada 100 mil habitantes,mun,11015,Guanajuato,Hombres,2021,91.5779184030457
36,Mortalidad por diabetes mellitus por cada 100 mil habitantes,mun,11016,Huanímaro,Hombres,2021,207.448384866146
36,Mortalidad por diabetes mellitus por cada 100 mil habitantes,mun,11016,Huanímaro,Mujeres,2021,259.554282645664
36,Mortalidad por diabetes mellitus por cada 100 mil habitantes,mun,11017,Irapuato,Hombres,2021,129.112048872308
36,Mortalidad por diabetes mellitus por cada 100 mil habitantes,mun,11018,Jaral del Progreso,Hombres,2021,97.7617700025727
36,Mortalidad por diabetes mellitus por cada 100 mil habitantes,mun,11018,Jaral del Progreso,Total,2021,142.189721714402
36,Mortalidad por diabetes mellitus por cada 100 mil habitantes,mun,11019,Jerécuaro,Hombres,2021,302.10212730248
36,Mortalidad por diabetes mellitus por cada 100 mil habitantes,mun,11020,León,Hombres,2021,94.85621644546849
36,Mortalidad por diabetes mellitus por cada 100 mil habitantes,mun,11020,León,Total,2021,92.7443475280108
36,Mortalidad por diabetes mellitus por cada 100 mil habitantes,mun,11021,Moroleón,Hombres,2021,159.815324513895
36,Mortalidad por diabetes mellitus por cada 100 mil habitantes,mun,11022,Ocampo,Hombres,2021,68.5505369792063
36,Mortalidad por diabetes mellitus por cada 100 mil habitantes,mun,11023,Pénjamo,Hombres,2021,163.016608987293
36,Mortalidad por diabetes mellitus por cada 100 mil habitantes,mun,11024,Pueblo Nuevo,Hombres,2021,365.08463325589105
36,Mortalidad por diabetes mellitus por cada 100 mil habitantes,mun,11024,Pueblo Nuevo,Mujeres,2021,181.241504304486
36,Mortalidad por diabetes mellitus por cada 100 mil habitantes,mun,11025,Purísima del Rincón,Hombres,2021,75.23746825919311
36,Mortalidad por diabetes mellitus por cada 100 mil habitantes,mun,11026,Romita,Hombres,2021,135.415726279679
36,Mortalidad por diabetes mellitus por cada 100 mil habitantes,mun,11027,Salamanca,Hombres,2021,141.188071475527
36,Mortalidad por diabetes mellitus por cada 100 mil habitantes,mun,11028,Salvatierra,Hombres,2021,232.61535708694
36,Mortalidad por diabetes mellitus por cada 100 mil habitantes,mun,11029,San Diego de la Unión,Hombres,2021,132.876782337609
36,Mortalidad por diabetes mellitus por cada 100 mil habitantes,mun,11030,San Felipe,Hombres,2021,94.9082553531586
36,Mortalidad por diabetes mellitus por cada 100 mil habitantes,mun,11031,San Francisco del Rincón,Hombres,2021,156.086620497356
36,Mortalidad por diabetes mellitus por cada 100 mil habitantes,mun,11031,San Francisco del Rincón,Mujeres,2021,144.285422800012
36,Mortalidad por diabetes mellitus por cada 100 mil habitantes,mun,11032,San José Iturbide,Hombres,2021,64.1891144115629
36,Mortalidad por diabetes mellitus por cada 100 mil habitantes,mun,11032,San José Iturbide,Total,2021,77.55277897457991
36,Mortalidad por diabetes mellitus por cada 100 mil habitantes,mun,11033,San Luis de la Paz,Hombres,2021,135.038525697037
36,Mortalidad por diabetes mellitus por cada 100 mil habitantes,mun,11034,Santa Catarina,Total,2021,67.6361176868448
36,Mortalidad por diabetes mellitus por cada 100 mil habitantes,mun,11036,Santiago Maravatío,Hombres,2021,153.704272978789
36,Mortalidad por diabetes mellitus por cada 100 mil habitantes,mun,11037,Silao,Hombres,2021,116.619761748718
36,Mortalidad por diabetes mellitus por cada 100 mil habitantes,mun,11038,Tarandacuao,Hombres,2021,239.454779885799
36,Mortalidad por diabetes mellitus por cada 100 mil habitantes,mun,11039,Tarimoro,Hombres,2021,177.609716970322
36,Mortalidad por diabetes mellitus por cada 100 mil habitantes,mun,11039,Tarimoro,Total,2021,201.568969274352
36,Mortalidad por diabetes mellitus por cada 100 mil habitantes,mun,11041,Uriangato,Hombres,2021,148.302942465199
36,Mortalidad por diabetes mellitus por cada 100 mil habitantes,mun,11042,Valle de Santiago,Hombres,2021,172.062980513185
36,Mortalidad por diabetes mellitus por cada 100 mil habitantes,mun,11043,Victoria,Hombres,2021,107.285672486102
36,Mortalidad por diabetes mellitus por cada 100 mil habitantes,mun,11044,Villagrán,Hombres,2021,96.9344480794862
36,Mortalidad por diabetes mellitus por cada 100 mil habitantes,mun,11045,Xichú,Hombres,2021,129.557653155654
36,Mortalidad por diabetes mellitus por cada 100 mil habitantes,mun,11045,Xichú,Total,2021,89.1821992330331
36,Mortalidad por diabetes mellitus por cada 100 mil habitantes,mun,11046,Yuriria,Hombres,2021,171.640218013189
36,Mortalidad por diabetes mellitus por cada 100 mil habitantes,mun,11001,Abasolo,Hombres,2022,99.7760581805282
36,Mortalidad por diabetes mellitus por cada 100 mil habitantes,mun,11002,Acámbaro,Hombres,2022,199.018433357808
36,Mortalidad por diabetes mellitus por cada 100 mil habitantes,mun,11003,Allende,Hombres,2022,82.20111088929859
36,Mortalidad por diabetes mellitus por cada 100 mil habitantes,mun,11004,Apaseo el Alto,Hombres,2022,138.781306480764
36,Mortalidad por diabetes mellitus por cada 100 mil habitantes,mun,11005,Apaseo el Grande,Hombres,2022,104.705080689392
36,Mortalidad por diabetes mellitus por cada 100 mil habitantes,mun,11006,Atarjea,Total,2022,55.34034311012729
36,Mortalidad por diabetes mellitus por cada 100 mil habitantes,mun,11007,Celaya,Hombres,2022,101.260598927784
36,Mortalidad por diabetes mellitus por cada 100 mil habitantes,mun,11009,Comonfort,Hombres,2022,135.028406919569
36,Mortalidad por diabetes mellitus por cada 100 mil habitantes,mun,11010,Coroneo,Hombres,2022,95.16558812333459
36,Mortalidad por diabetes mellitus por cada 100 mil habitantes,mun,11011,Cortazar,Hombres,2022,154.254334546801
36,Mortalidad por diabetes mellitus por cada 100 mil habitantes,mun,11011,Cortazar,Total,2022,131.959092681269
36,Mortalidad por diabetes mellitus por cada 100 mil habitantes,mun,11012,Cuerámaro,Hombres,2022,83.11489035227929
36,Mortalidad por diabetes mellitus por cada 100 mil habitantes,mun,11012,Cuerámaro,Mujeres,2022,125.418060200669
36,Mortalidad por diabetes mellitus por cada 100 mil habitantes,mun,11013,Doctor Mora,Hombres,2022,64.9819494584838
36,Mortalidad por diabetes mellitus por cada 100 mil habitantes,mun,11014,Dolores Hidalgo,Hombres,2022,90.60669248336809
36,Mortalidad por diabetes mellitus por cada 100 mil habitantes,mun,11015,Guanajuato,Hombres,2022,111.199526636877
36,Mortalidad por diabetes mellitus por cada 100 mil habitantes,mun,11016,Huanímaro,Hombres,2022,158.431527874047
36,Mortalidad por diabetes mellitus por cada 100 mil habitantes,mun,11016,Huanímaro,Total,2022,178.781463185133
36,Mortalidad por diabetes mellitus por cada 100 mil habitantes,mun,11017,Irapuato,Hombres,2022,100.470214133487
36,Mortalidad por diabetes mellitus por cada 100 mil habitantes,mun,11018,Jaral del Progreso,Hombres,2022,92.3645320197044
36,Mortalidad por diabetes mellitus por cada 100 mil habitantes,mun,11018,Jaral del Progreso,Mujeres,2022,104.879388702992
36,Mortalidad por diabetes mellitus por cada 100 mil habitantes,mun,11019,Jerécuaro,Hombres,2022,176.38906387804
36,Mortalidad por diabetes mellitus por cada 100 mil habitantes,mun,11020,León,Hombres,2022,83.06928631326579
36,Mortalidad por diabetes mellitus por cada 100 mil habitantes,mun,11020,León,Mujeres,2022,76.75778629664569
36,Mortalidad por diabetes mellitus por cada 100 mil habitantes,mun,11021,Moroleón,Hombres,2022,147.085041896951
36,Mortalidad por diabetes mellitus por cada 100 mil habitantes,mun,11021,Moroleón,Total,2022,143.587144727396
36,Mortalidad por diabetes mellitus por cada 100 mil habitantes,mun,11023,Pénjamo,Hombres,2022,143.81783074772
36,Mortalidad por diabetes mellitus por cada 100 mil habitantes,mun,11024,Pueblo Nuevo,Hombres,2022,214.556857567255
36,Mortalidad por diabetes mellitus por cada 100 mil habitantes,mun,11025,Purísima del Rincón,Hombres,2022,83.9434780581075
36,Mortalidad por diabetes mellitus por cada 100 mil habitantes,mun,11026,Romita,Hombres,2022,74.5267551050827
36,Mortalidad por diabetes mellitus por cada 100 mil habitantes,mun,11027,Salamanca,Hombres,2022,116.077045202648
36,Mortalidad por diabetes mellitus por cada 100 mil habitantes,mun,11028,Salvatierra,Hombres,2022,211.055727693206
36,Mortalidad por diabetes mellitus por cada 100 mil habitantes,mun,11028,Salvatierra,Total,2022,212.116069913457
36,Mortalidad por diabetes mellitus por cada 100 mil habitantes,mun,11029,San Diego de la Unión,Hombres,2022,137.586628618019
36,Mortalidad por diabetes mellitus por cada 100 mil habitantes,mun,11030,San Felipe,Hombres,2022,54.4249101164363
36,Mortalidad por diabetes mellitus por cada 100 mil habitantes,mun,11031,San Francisco del Rincón,Hombres,2022,119.920253031734
36,Mortalidad por diabetes mellitus por cada 100 mil habitantes,mun,11032,San José Iturbide,Hombres,2022,39.1917784358126
36,Mortalidad por diabetes mellitus por cada 100 mil habitantes,mun,11033,San Luis de la Paz,Hombres,2022,75.5631818396486
36,Mortalidad por diabetes mellitus por cada 100 mil habitantes,mun,11033,San Luis de la Paz,Mujeres,2022,80.4274142586316
36,Mortalidad por diabetes mellitus por cada 100 mil habitantes,mun,11036,Santiago Maravatío,Hombres,2022,277.606415792721
36,Mortalidad por diabetes mellitus por cada 100 mil habitantes,mun,11036,Santiago Maravatío,Total,2022,281.273131014064
36,Mortalidad por diabetes mellitus por cada 100 mil habitantes,mun,11037,Silao,Hombres,2022,76.1585621263471
36,Mortalidad por diabetes mellitus por cada 100 mil habitantes,mun,11038,Tarandacuao,Hombres,2022,222.428174235403
36,Mortalidad por diabetes mellitus por cada 100 mil habitantes,mun,11038,Tarandacuao,Total,2022,230.864855265495
36,Mortalidad por diabetes mellitus por cada 100 mil habitantes,mun,11039,Tarimoro,Hombres,2022,153.548680618744
36,Mortalidad por diabetes mellitus por cada 100 mil habitantes,mun,11041,Uriangato,Hombres,2022,122.145692667866
36,Mortalidad por diabetes mellitus por cada 100 mil habitantes,mun,11042,Valle de Santiago,Hombres,2022,163.559044815178
36,Mortalidad por diabetes mellitus por cada 100 mil habitantes,mun,11043,Victoria,Hombres,2022,116.799688534164
36,Mortalidad por diabetes mellitus por cada 100 mil habitantes,mun,11043,Victoria,Mujeres,2022,122.16404886562
36,Mortalidad por diabetes mellitus por cada 100 mil habitantes,mun,11044,Villagrán,Hombres,2022,123.041834223636
36,Mortalidad por diabetes mellitus por cada 100 mil habitantes,mun,11045,Xichú,Hombres,2022,55.731005015790494
36,Mortalidad por diabetes mellitus por cada 100 mil habitantes,mun,11046,Yuriria,Hombres,2022,96.6387823513424
36,Mortalidad por diabetes mellitus por cada 100 mil habitantes,mun,11001,Abasolo,Hombres,2023,125.694628208521
36,Mortalidad por diabetes mellitus por cada 100 mil habitantes,mun,11002,Acámbaro,Hombres,2023,139.130434782609
36,Mortalidad por diabetes mellitus por cada 100 mil habitantes,mun,11003,Allende,Hombres,2023,87.8425860857344
36,Mortalidad por diabetes mellitus por cada 100 mil habitantes,mun,11004,Apaseo el Alto,Hombres,2023,106.761565836299
36,Mortalidad por diabetes mellitus por cada 100 mil habitantes,mun,11005,Apaseo el Grande,Hombres,2023,67.0109832635983
36,Mortalidad por diabetes mellitus por cada 100 mil habitantes,mun,11006,Atarjea,Hombres,2023,111.358574610245
36,Mortalidad por diabetes mellitus por cada 100 mil habitantes,mun,11006,Atarjea,Mujeres,2023,0.0
36,Mortalidad por diabetes mellitus por cada 100 mil habitantes,mun,11007,Celaya,Hombres,2023,113.002464134001
36,Mortalidad por diabetes mellitus por cada 100 mil habitantes,mun,11007,Celaya,Total,2023,116.004390940295
36,Mortalidad por diabetes mellitus por cada 100 mil habitantes,mun,11008,Manuel Doblado,Hombres,2023,116.042935886278
36,Mortalidad por diabetes mellitus por cada 100 mil habitantes,mun,11009,Comonfort,Hombres,2023,142.893595304925
36,Mortalidad por diabetes mellitus por cada 100 mil habitantes,mun,11010,Coroneo,Hombres,2023,133.638793432608
36,Mortalidad por diabetes mellitus por cada 100 mil habitantes,mun,11011,Cortazar,Hombres,2023,149.351446458529
36,Mortalidad por diabetes mellitus por cada 100 mil habitantes,mun,11011,Cortazar,Total,2023,149.106849968688
36,Mortalidad por diabetes mellitus por cada 100 mil habitantes,mun,11012,Cuerámaro,Hombres,2023,81.7096165933375
36,Mortalidad por diabetes mellitus por cada 100 mil habitantes,mun,11012,Cuerámaro,Total,2023,97.13158294126569
36,Mortalidad por diabetes mellitus por cada 100 mil habitantes,mun,11013,Doctor Mora,Hombres,2023,49.8468988107954
36,Mortalidad por diabetes mellitus por cada 100 mil habitantes,mun,11015,Guanajuato,Hombres,2023,81.7876147298484
36,Mortalidad por diabetes mellitus por cada 100 mil habitantes,mun,11015,Guanajuato,Total,2023,80.1384477723478
36,Mortalidad por diabetes mellitus por cada 100 mil habitantes,mun,11016,Huanímaro,Hombres,2023,109.008026954712
36,Mortalidad por diabetes mellitus por cada 100 mil habitantes,mun,11017,Irapuato,Hombres,2023,97.83683102806
36,Mortalidad por diabetes mellitus por cada 100 mil habitantes,mun,11018,Jaral del Progreso,Hombres,2023,71.4978805985394
36,Mortalidad por diabetes mellitus por cada 100 mil habitantes,mun,11019,Jerécuaro,Hombres,2023,138.451856513531
36,Mortalidad por diabetes mellitus por cada 100 mil habitantes,mun,11020,León,Hombres,2023,70.3287926520832
36,Mortalidad por diabetes mellitus por cada 100 mil habitantes,mun,11021,Moroleón,Hombres,2023,218.877026845937
36,Mortalidad por diabetes mellitus por cada 100 mil habitantes,mun,11022,Ocampo,Hombres,2023,74.3218134522482
36,Mortalidad por diabetes mellitus por cada 100 mil habitantes,mun,11022,Ocampo,Total,2023,82.4757055258723
36,Mortalidad por diabetes mellitus por cada 100 mil habitantes,mun,11023,Pénjamo,Hombres,2023,137.766591601537
36,Mortalidad por diabetes mellitus por cada 100 mil habitantes,mun,11024,Pueblo Nuevo,Hombres,2023,163.853842372604
36,Mortalidad por diabetes mellitus por cada 100 mil habitantes,mun,11024,Pueblo Nuevo,Mujeres,2023,178.62459065198
36,Mortalidad por diabetes mellitus por cada 100 mil habitantes,mun,11025,Purísima del Rincón,Hombres,2023,53.08713214079631
36,Mortalidad por diabetes mellitus por cada 100 mil habitantes,mun,11025,Purísima del Rincón,Total,2023,52.6285681597163
36,Mortalidad por diabetes mellitus por cada 100 mil habitantes,mun,11026,Romita,Hombres,2023,100.218121794494
36,Mortalidad por diabetes mellitus por cada 100 mil habitantes,mun,11027,Salamanca,Hombres,2023,95.9167921827814
36,Mortalidad por diabetes mellitus por cada 100 mil habitantes,mun,11027,Salamanca,Total,2023,111.273006690879
36,Mortalidad por diabetes mellitus por cada 100 mil habitantes,mun,11028,Salvatierra,Hombres,2023,209.190903569742
36,Mortalidad por diabetes mellitus por cada 100 mil habitantes,mun,11029,San Diego de la Unión,Hombres,2023,81.1359026369168
36,Mortalidad por diabetes mellitus por cada 100 mil habitantes,mun,11029,San Diego de la Unión,Mujeres,2023,80.10680907877169
36,Mortalidad por diabetes mellitus por cada 100 mil habitantes,mun,11030,San Felipe,Hombres,2023,55.4350838863255
36,Mortalidad por diabetes mellitus por cada 100 mil habitantes,mun,11031,San Francisco del Rincón,Hombres,2023,87.3297809354648
36,Mortalidad por diabetes mellitus por cada 100 mil habitantes,mun,11032,San José Iturbide,Hombres,2023,62.00025655278569
36,Mortalidad por diabetes mellitus por cada 100 mil habitantes,mun,11033,San Luis de la Paz,Hombres,2023,56.05468445883871
36,Mortalidad por diabetes mellitus por cada 100 mil habitantes,mun,11033,San Luis de la Paz,Total,2023,69.7821164767455
36,Mortalidad por diabetes mellitus por cada 100 mil habitantes,mun,11034,Santa Catarina,Hombres,2023,34.6860908775581
36,Mortalidad por diabetes mellitus por cada 100 mil habitantes,mun,11034,Santa Catarina,Total,2023,49.180327868852494
36,Mortalidad por diabetes mellitus por cada 100 mil habitantes,mun,11036,Santiago Maravatío,Hombres,2023,154.368632293918
36,Mortalidad por diabetes mellitus por cada 100 mil habitantes,mun,11036,Santiago Maravatío,Mujeres,2023,312.855517633675
36,Mortalidad por diabetes mellitus por cada 100 mil habitantes,mun,11037,Silao,Hombres,2023,64.7680552687405
36,Mortalidad por diabetes mellitus por cada 100 mil habitantes,mun,11037,Silao,Total,2023,62.71747866444289
36,Mortalidad por diabetes mellitus por cada 100 mil habitantes,mun,11038,Tarandacuao,Hombres,2023,111.627906976744
36,Mortalidad por diabetes mellitus por cada 100 mil habitantes,mun,11038,Tarandacuao,Total,2023,178.205470907957
36,Mortalidad por diabetes mellitus por cada 100 mil habitantes,mun,11039,Tarimoro,Hombres,2023,123.943661971831
36,Mortalidad por diabetes mellitus por cada 100 mil habitantes,mun,11041,Uriangato,Hombres,2023,98.8613895138747
36,Mortalidad por diabetes mellitus por cada 100 mil habitantes,mun,11041,Uriangato,Total,2023,98.05363533853021
36,Mortalidad por diabetes mellitus por cada 100 mil habitantes,mun,11042,Valle de Santiago,Hombres,2023,143.918102453396
36,Mortalidad por diabetes mellitus por cada 100 mil habitantes,mun,11042,Valle de Santiago,Total,2023,141.023558082859
36,Mortalidad por diabetes mellitus por cada 100 mil habitantes,mun,11044,Villagrán,Hombres,2023,106.847119579735
36,Mortalidad por diabetes mellitus por cada 100 mil habitantes,mun,11046,Yuriria,Hombres,2023,172.288719622778
36,Mortalidad por diabetes mellitus por cada 100 mil habitantes,mun,11001,Abasolo,Hombres,2024,151.408759764768
36,Mortalidad por diabetes mellitus por cada 100 mil habitantes,mun,11001,Abasolo,Mujeres,2024,101.214574898785
36,Mortalidad por diabetes mellitus por cada 100 mil habitantes,mun,11001,Abasolo,Total,2024,125.300088447121
36,Mortalidad por diabetes mellitus por cada 100 mil habitantes,mun,11002,Acámbaro,Hombres,2024,185.607671783767
36,Mortalidad por diabetes mellitus por cada 100 mil habitantes,mun,11002,Acámbaro,Mujeres,2024,179.946362142054
36,Mortalidad por diabetes mellitus por cada 100 mil habitantes,mun,11002,Acámbaro,Total,2024,182.620049855274
36,Mortalidad por diabetes mellitus por cada 100 mil habitantes,mun,11003,Allende,Hombres,2024,88.83486066953431
36,Mortalidad por diabetes mellitus por cada 100 mil habitantes,mun,11003,Allende,Mujeres,2024,76.379401228525
36,Mortalidad por diabetes mellitus por cada 100 mil habitantes,mun,11003,Allende,Total,2024,82.34878913668221
36,Mortalidad por diabetes mellitus por cada 100 mil habitantes,mun,11004,Apaseo el Alto,Hombres,2024,103.838790278093
36,Mortalidad por diabetes mellitus por cada 100 mil habitantes,mun,11004,Apaseo el Alto,Mujeres,2024,133.482336872167
36,Mortalidad por diabetes mellitus por cada 100 mil habitantes,mun,11004,Apaseo el Alto,Total,2024,118.989068870873
36,Mortalidad por diabetes mellitus por cada 100 mil habitantes,mun,11005,Apaseo el Grande,Hombres,2024,90.0466312912044
36,Mortalidad por diabetes mellitus por cada 100 mil habitantes,mun,11005,Apaseo el Grande,Mujeres,2024,56.8530349047712
36,Mortalidad por diabetes mellitus por cada 100 mil habitantes,mun,11005,Apaseo el Grande,Total,2024,72.8518395089476
36,Mortalidad por diabetes mellitus por cada 100 mil habitantes,mun,11006,Atarjea,Hombres,2024,73.85524372230431
36,Mortalidad por diabetes mellitus por cada 100 mil habitantes,mun,11006,Atarjea,Mujeres,2024,35.9324469996407
36,Mortalidad por diabetes mellitus por cada 100 mil habitantes,mun,11006,Atarjea,Total,2024,54.634857038790706
36,Mortalidad por diabetes mellitus por cada 100 mil habitantes,mun,11007,Celaya,Hombres,2024,99.4823923645394
36,Mortalidad por diabetes mellitus por cada 100 mil habitantes,mun,11007,Celaya,Mujeres,2024,105.882270172155
36,Mortalidad por diabetes mellitus por cada 100 mil habitantes,mun,11007,Celaya,Total,2024,102.780325634175
36,Mortalidad por diabetes mellitus por cada 100 mil habitantes,mun,11008,Manuel Doblado,Hombres,2024,71.718862060722
36,Mortalidad por diabetes mellitus por cada 100 mil habitantes,mun,11008,Manuel Doblado,Mujeres,2024,100.520082164241
36,Mortalidad por diabetes mellitus por cada 100 mil habitantes,mun,11008,Manuel Doblado,Total,2024,86.765914695406
36,Mortalidad por diabetes mellitus por cada 100 mil habitantes,mun,11009,Comonfort,Hombres,2024,122.749590834697
36,Mortalidad por diabetes mellitus por cada 100 mil habitantes,mun,11009,Comonfort,Mujeres,2024,128.791886111175
36,Mortalidad por diabetes mellitus por cada 100 mil habitantes,mun,11009,Comonfort,Total,2024,125.930859114851
36,Mortalidad por diabetes mellitus por cada 100 mil habitantes,mun,11010,Coroneo,Hombres,2024,134.073932196897
36,Mortalidad por diabetes mellitus por cada 100 mil habitantes,mun,11010,Coroneo,Mujeres,2024,172.23561832587
36,Mortalidad por diabetes mellitus por cada 100 mil habitantes,mun,11010,Coroneo,Total,2024,154.16704452707
36,Mortalidad por diabetes mellitus por cada 100 mil habitantes,mun,11011,Cortazar,Hombres,2024,122.169734484444
36,Mortalidad por diabetes mellitus por cada 100 mil habitantes,mun,11011,Cortazar,Mujeres,2024,148.039913098648
36,Mortalidad por diabetes mellitus por cada 100 mil habitantes,mun,11011,Cortazar,Total,2024,135.475896168109
36,Mortalidad por diabetes mellitus por cada 100 mil habitantes,mun,11012,Cuerámaro,Hombres,2024,67.9977746182852
36,Mortalidad por diabetes mellitus por cada 100 mil habitantes,mun,11012,Cuerámaro,Mujeres,2024,51.957048839625905
36,Mortalidad por diabetes mellitus por cada 100 mil habitantes,mun,11012,Cuerámaro,Total,2024,59.7032747246186
36,Mortalidad por diabetes mellitus por cada 100 mil habitantes,mun,11013,Doctor Mora,Hombres,2024,35.1592714998945
36,Mortalidad por diabetes mellitus por cada 100 mil habitantes,mun,11013,Doctor Mora,Mujeres,2024,59.1210668068055
36,Mortalidad por diabetes mellitus por cada 100 mil habitantes,mun,11013,Doctor Mora,Total,2024,47.54788751528329
36,Mortalidad por diabetes mellitus por cada 100 mil habitantes,mun,11014,Dolores Hidalgo,Hombres,2024,89.4984458715818
36,Mortalidad por diabetes mellitus por cada 100 mil habitantes,mun,11014,Dolores Hidalgo,Mujeres,2024,70.7798854454777
36,Mortalidad por diabetes mellitus por cada 100 mil habitantes,mun,11014,Dolores Hidalgo,Total,2024,79.6484010153739
36,Mortalidad por diabetes mellitus por cada 100 mil habitantes,mun,11015,Guanajuato,Hombres,2024,70.0
36,Mortalidad por diabetes mellitus por cada 100 mil habitantes,mun,11015,Guanajuato,Mujeres,2024,77.7133325751545
36,Mortalidad por diabetes mellitus por cada 100 mil habitantes,mun,11015,Guanajuato,Total,2024,73.9601782829561
36,Mortalidad por diabetes mellitus por cada 100 mil habitantes,mun,11016,Huanímaro,Hombres,2024,138.820029747149
36,Mortalidad por diabetes mellitus por cada 100 mil habitantes,mun,11016,Huanímaro,Mujeres,2024,116.728023704768
36,Mortalidad por diabetes mellitus por cada 100 mil habitantes,mun,11016,Huanímaro,Total,2024,127.226463104326
36,Mortalidad por diabetes mellitus por cada 100 mil habitantes,mun,11017,Irapuato,Hombres,2024,99.62823290272541
36,Mortalidad por diabetes mellitus por cada 100 mil habitantes,mun,11017,Irapuato,Mujeres,2024,91.2906211566014
36,Mortalidad por diabetes mellitus por cada 100 mil habitantes,mun,11017,Irapuato,Total,2024,95.348428540746
36,Mortalidad por diabetes mellitus por cada 100 mil habitantes,mun,11018,Jaral del Progreso,Hombres,2024,86.4348179784421
36,Mortalidad por diabetes mellitus por cada 100 mil habitantes,mun,11018,Jaral del Progreso,Mujeres,2024,153.404592240697
36,Mortalidad por diabetes mellitus por cada 100 mil habitantes,mun,11018,Jaral del Progreso,Total,2024,120.373156786037
36,Mortalidad por diabetes mellitus por cada 100 mil habitantes,mun,11019,Jerécuaro,Hombres,2024,184.563758389262
36,Mortalidad por diabetes mellitus por cada 100 mil habitantes,mun,11019,Jerécuaro,Mujeres,2024,139.643719806763
36,Mortalidad por diabetes mellitus por cada 100 mil habitantes,mun,11019,Jerécuaro,Total,2024,160.918626827718
36,Mortalidad por diabetes mellitus por cada 100 mil habitantes,mun,11020,León,Hombres,2024,76.4523485308352
36,Mortalidad por diabetes mellitus por cada 100 mil habitantes,mun,11020,León,Mujeres,2024,66.0561893795734
36,Mortalidad por diabetes mellitus por cada 100 mil habitantes,mun,11020,León,Total,2024,71.1902930577041
36,Mortalidad por diabetes mellitus por cada 100 mil habitantes,mun,11021,Moroleón,Hombres,2024,134.336378291241
36,Mortalidad por diabetes mellitus por cada 100 mil habitantes,mun,11021,Moroleón,Mujeres,2024,128.643216080402
36,Mortalidad por diabetes mellitus por cada 100 mil habitantes,mun,11021,Moroleón,Total,2024,131.336454339399
36,Mortalidad por diabetes mellitus por cada 100 mil habitantes,mun,11022,Ocampo,Hombres,2024,73.3998825601879
36,Mortalidad por diabetes mellitus por cada 100 mil habitantes,mun,11022,Ocampo,Mujeres,2024,41.0368647835305
36,Mortalidad por diabetes mellitus por cada 100 mil habitantes,mun,11022,Ocampo,Total,2024,56.6471941936626
36,Mortalidad por diabetes mellitus por cada 100 mil habitantes,mun,11023,Pénjamo,Hombres,2024,143.710364285997
36,Mortalidad por diabetes mellitus por cada 100 mil habitantes,mun,11023,Pénjamo,Mujeres,2024,119.744860455742
36,Mortalidad por diabetes mellitus por cada 100 mil habitantes,mun,11023,Pénjamo,Total,2024,131.091870431292
36,Mortalidad por diabetes mellitus por cada 100 mil habitantes,mun,11024,Pueblo Nuevo,Hombres,2024,195.280716029292
36,Mortalidad por diabetes mellitus por cada 100 mil habitantes,mun,11024,Pueblo Nuevo,Mujeres,2024,221.827861579414
36,Mortalidad por diabetes mellitus por cada 100 mil habitantes,mun,11024,Pueblo Nuevo,Total,2024,209.18881227241
36,Mortalidad por diabetes mellitus por cada 100 mil habitantes,mun,11025,Purísima del Rincón,Hombres,2024,61.7241615801385
36,Mortalidad por diabetes mellitus por cada 100 mil habitantes,mun,11025,Purísima del Rincón,Mujeres,2024,85.4086127843208
36,Mortalidad por diabetes mellitus por cada 100 mil habitantes,mun,11025,Purísima del Rincón,Total,2024,73.6669122230407
36,Mortalidad por diabetes mellitus por cada 100 mil habitantes,mun,11026,Romita,Hombres,2024,75.8371251895928
36,Mortalidad por diabetes mellitus por cada 100 mil habitantes,mun,11026,Romita,Mujeres,2024,95.9097320169252
36,Mortalidad por diabetes mellitus por cada 100 mil habitantes,mun,11026,Romita,Total,2024,86.0412424355408
36,Mortalidad por diabetes mellitus por cada 100 mil habitantes,mun,11027,Salamanca,Hombres,2024,137.299771167048
36,Mortalidad por diabetes mellitus por cada 100 mil habitantes,mun,11027,Salamanca,Mujeres,2024,127.037156613653
36,Mortalidad por diabetes mellitus por cada 100 mil habitantes,mun,11027,Salamanca,Total,2024,131.997403567556
36,Mortalidad por diabetes mellitus por cada 100 mil habitantes,mun,11028,Salvatierra,Hombres,2024,178.108443242025
36,Mortalidad por diabetes mellitus por cada 100 mil habitantes,mun,11028,Salvatierra,Mujeres,2024,207.657103687426
36,Mortalidad por diabetes mellitus por cada 100 mil habitantes,mun,11028,Salvatierra,Total,2024,193.707692962663
36,Mortalidad por diabetes mellitus por cada 100 mil habitantes,mun,11029,San Diego de la Unión,Hombres,2024,141.364164184379
36,Mortalidad por diabetes mellitus por cada 100 mil habitantes,mun,11029,San Diego de la Unión,Mujeres,2024,61.9660956933564
36,Mortalidad por diabetes mellitus por cada 100 mil habitantes,mun,11029,San Diego de la Unión,Total,2024,99.0566037735849
36,Mortalidad por diabetes mellitus por cada 100 mil habitantes,mun,11030,San Felipe,Hombres,2024,46.7711760531579
36,Mortalidad por diabetes mellitus por cada 100 mil habitantes,mun,11030,San Felipe,Mujeres,2024,70.8531645179674
36,Mortalidad por diabetes mellitus por cada 100 mil habitantes,mun,11030,San Felipe,Total,2024,59.089082701080095
36,Mortalidad por diabetes mellitus por cada 100 mil habitantes,mun,11031,San Francisco del Rincón,Hombres,2024,73.1175877045465
36,Mortalidad por diabetes mellitus por cada 100 mil habitantes,mun,11031,San Francisco del Rincón,Mujeres,2024,95.5190335721309
36,Mortalidad por diabetes mellitus por cada 100 mil habitantes,mun,11031,San Francisco del Rincón,Total,2024,84.54357218086591
36,Mortalidad por diabetes mellitus por cada 100 mil habitantes,mun,11032,San José Iturbide,Hombres,2024,39.907582440663695
36,Mortalidad por diabetes mellitus por cada 100 mil habitantes,mun,11032,San José Iturbide,Mujeres,2024,53.682201367902
36,Mortalidad por diabetes mellitus por cada 100 mil habitantes,mun,11032,San José Iturbide,Total,2024,46.9838416440259
36,Mortalidad por diabetes mellitus por cada 100 mil habitantes,mun,11033,San Luis de la Paz,Hombres,2024,69.34599026074089
36,Mortalidad por diabetes mellitus por cada 100 mil habitantes,mun,11033,San Luis de la Paz,Mujeres,2024,72.92104894124249
36,Mortalidad por diabetes mellitus por cada 100 mil habitantes,mun,11033,San Luis de la Paz,Total,2024,71.2177501064595
36,Mortalidad por diabetes mellitus por cada 100 mil habitantes,mun,11034,Santa Catarina,Hombres,2024,102.494021182098
36,Mortalidad por diabetes mellitus por cada 100 mil habitantes,mun,11034,Santa Catarina,Mujeres,2024,61.0687022900763
36,Mortalidad por diabetes mellitus por cada 100 mil habitantes,mun,11034,Santa Catarina,Total,2024,80.6191551112544
36,Mortalidad por diabetes mellitus por cada 100 mil habitantes,mun,11036,Santiago Maravatío,Hombres,2024,216.517166718218
36,Mortalidad por diabetes mellitus por cada 100 mil habitantes,mun,11036,Santiago Maravatío,Mujeres,2024,256.26423690205
36,Mortalidad por diabetes mellitus por cada 100 mil habitantes,mun,11036,Santiago Maravatío,Total,2024,237.212750185322
36,Mortalidad por diabetes mellitus por cada 100 mil habitantes,mun,11037,Silao,Hombres,2024,72.2295789385956
36,Mortalidad por diabetes mellitus por cada 100 mil habitantes,mun,11037,Silao,Mujeres,2024,71.65792863233129
36,Mortalidad por diabetes mellitus por cada 100 mil habitantes,mun,11037,Silao,Total,2024,71.9407977638784
36,Mortalidad por diabetes mellitus por cada 100 mil habitantes,mun,11038,Tarandacuao,Hombres,2024,112.170499158721
36,Mortalidad por diabetes mellitus por cada 100 mil habitantes,mun,11038,Tarandacuao,Mujeres,2024,68.6341798215511
36,Mortalidad por diabetes mellitus por cada 100 mil habitantes,mun,11038,Tarandacuao,Total,2024,89.4694461841281
36,Mortalidad por diabetes mellitus por cada 100 mil habitantes,mun,11039,Tarimoro,Hombres,2024,94.9137401596784
36,Mortalidad por diabetes mellitus por cada 100 mil habitantes,mun,11039,Tarimoro,Mujeres,2024,131.366208569119
36,Mortalidad por diabetes mellitus por cada 100 mil habitantes,mun,11039,Tarimoro,Total,2024,114.049279898151
36,Mortalidad por diabetes mellitus por cada 100 mil habitantes,mun,11041,Uriangato,Hombres,2024,130.226182316655
36,Mortalidad por diabetes mellitus por cada 100 mil habitantes,mun,11041,Uriangato,Mujeres,2024,116.605212568151
36,Mortalidad por diabetes mellitus por cada 100 mil habitantes,mun,11041,Uriangato,Total,2024,123.130469045
36,Mortalidad por diabetes mellitus por cada 100 mil habitantes,mun,11042,Valle de Santiago,Hombres,2024,169.170388415212
36,Mortalidad por diabetes mellitus por cada 100 mil habitantes,mun,11042,Valle de Santiago,Mujeres,2024,153.846153846154
36,Mortalidad por diabetes mellitus por cada 100 mil habitantes,mun,11042,Valle de Santiago,Total,2024,161.175480613632
36,Mortalidad por diabetes mellitus por cada 100 mil habitantes,mun,11043,Victoria,Hombres,2024,77.25736359246739
36,Mortalidad por diabetes mellitus por cada 100 mil habitantes,mun,11043,Victoria,Mujeres,2024,86.1771802826612
36,Mortalidad por diabetes mellitus por cada 100 mil habitantes,mun,11043,Victoria,Total,2024,81.97094585363631
36,Mortalidad por diabetes mellitus por cada 100 mil habitantes,mun,11044,Villagrán,Hombres,2024,105.736188210415
36,Mortalidad por diabetes mellitus por cada 100 mil habitantes,mun,11044,Villagrán,Mujeres,2024,100.443626014899
36,Mortalidad por diabetes mellitus por cada 100 mil habitantes,mun,11044,Villagrán,Total,2024,103.021978021978
36,Mortalidad por diabetes mellitus por cada 100 mil habitantes,mun,11045,Xichú,Hombres,2024,93.2661816825219
36,Mortalidad por diabetes mellitus por cada 100 mil habitantes,mun,11045,Xichú,Mujeres,2024,68.9655172413793
36,Mortalidad por diabetes mellitus por cada 100 mil habitantes,mun,11045,Xichú,Total,2024,80.6379356688469
36,Mortalidad por diabetes mellitus por cada 100 mil habitantes,mun,11046,Yuriria,Hombres,2024,148.345493627199
36,Mortalidad por diabetes mellitus por cada 100 mil habitantes,mun,11046,Yuriria,Mujeres,2024,171.816544270472
36,Mortalidad por diabetes mellitus por cada 100 mil habitantes,mun,11046,Yuriria,Total,2024,160.599571734475
36,Mortalidad por diabetes mellitus por cada 100 mil habitantes,mun,11035,Santa Cruz de Juventino Rosas,Hombres,2020,166.025205644857
36,Mortalidad por diabetes mellitus por cada 100 mil habitantes,mun,11040,Tierra Blanca,Hombres,2020,101.543460601137
36,Mortalidad por diabetes mellitus por cada 100 mil habitantes,mun,11040,Tierra Blanca,Total,2020,113.138865659895
36,Mortalidad por diabetes mellitus por cada 100 mil habitantes,mun,11035,Santa Cruz de Juventino Rosas,Hombres,2021,132.291640665951
36,Mortalidad por diabetes mellitus por cada 100 mil habitantes,mun,11040,Tierra Blanca,Hombres,2021,120.494025504569
36,Mortalidad por diabetes mellitus por cada 100 mil habitantes,mun,11035,Santa Cruz de Juventino Rosas,Hombres,2022,97.7737665463297
36,Mortalidad por diabetes mellitus por cada 100 mil habitantes,mun,11035,Santa Cruz de Juventino Rosas,Total,2022,83.4098931386297
36,Mortalidad por diabetes mellitus por cada 100 mil habitantes,mun,11040,Tierra Blanca,Hombres,2022,89.4810101411811
36,Mortalidad por diabetes mellitus por cada 100 mil habitantes,mun,11035,Santa Cruz de Juventino Rosas,Hombres,2023,95.506182768674
36,Mortalidad por diabetes mellitus por cada 100 mil habitantes,mun,11035,Santa Cruz de Juventino Rosas,Total,2023,106.55688078949
36,Mortalidad por diabetes mellitus por cada 100 mil habitantes,mun,11040,Tierra Blanca,Mujeres,2023,46.3306152705708
36,Mortalidad por diabetes mellitus por cada 100 mil habitantes,mun,11040,Tierra Blanca,Total,2023,47.705371624845
36,Mortalidad por diabetes mellitus por cada 100 mil habitantes,mun,11035,Santa Cruz de Juventino Rosas,Hombres,2024,85.7092439940508
36,Mortalidad por diabetes mellitus por cada 100 mil habitantes,mun,11035,Santa Cruz de Juventino Rosas,Mujeres,2024,79.5749760104852
36,Mortalidad por diabetes mellitus por cada 100 mil habitantes,mun,11035,Santa Cruz de Juventino Rosas,Total,2024,82.5282780717511
36,Mortalidad por diabetes mellitus por cada 100 mil habitantes,mun,11040,Tierra Blanca,Hombres,2024,68.1198910081744
36,Mortalidad por diabetes mellitus por cada 100 mil habitantes,mun,11040,Tierra Blanca,Mujeres,2024,64.143681847338
36,Mortalidad por diabetes mellitus por cada 100 mil habitantes,mun,11040,Tierra Blanca,Total,2024,66.0720185001652
52,Camas censables por cada 100 mil habitantes,mun,11001,Abasolo,Total,2023,21.1676050971593
45,Porcentaje de población con carencia por acceso a los servicios de salud,mun,11001,Abasolo,Mujeres,2020,20.886199
36,Mortalidad por diabetes mellitus por cada 100 mil habitantes,mun,11001,Abasolo,Total,2020,103.985763598551
1055,Tasa de mortalidad por diabetes y enfermedades hipertensivas,mun,11001,Abasolo,Hombres,2023,16.318249977948312
11,Porcentaje de población en situación de pobreza,mun,11001,Abasolo,Mujeres,2020,47.338646
11,Porcentaje de población en situación de pobreza,mun,11001,Abasolo,Total,2020,47.7769037516
1055,Tasa de mortalidad por diabetes y enfermedades hipertensivas,mun,11001,Abasolo,Total,2023,12.277210956352397
1055,Tasa de mortalidad por diabetes y enfermedades hipertensivas,mun,11001,Abasolo,Total,2022,10.96339503347561
36,Mortalidad por diabetes mellitus por cada 100 mil habitantes,mun,11001,Abasolo,Mujeres,2021,146.045459220405
1055,Tasa de mortalidad por diabetes y enfermedades hipertensivas,mun,11001,Abasolo,Hombres,2020,12.93462533432718
1055,Tasa de mortalidad por diabetes y enfermedades hipertensivas,mun,11001,Abasolo,Total,2020,12.43541090456894
1055,Tasa de mortalidad por diabetes y enfermedades hipertensivas,mun,11001,Abasolo,Mujeres,2020,11.95770747671394
1055,Tasa de mortalidad por diabetes y enfermedades hipertensivas,mun,11001,Abasolo,Mujeres,2023,8.547704330836861
45,Porcentaje de población con carencia por acceso a los servicios de salud,mun,11001,Abasolo,Total,2020,24.46206019
36,Mortalidad por diabetes mellitus por cada 100 mil habitantes,mun,11001,Abasolo,Mujeres,2022,85.9810022928267
36,Mortalidad por diabetes mellitus por cada 100 mil habitantes,mun,11001,Abasolo,Mujeres,2020,98.59864059746579
583,Índice de marginación,mun,11001,Abasolo,Total,2020,55.5402606919792
1055,Tasa de mortalidad por diabetes y enfermedades hipertensivas,mun,11001,Abasolo,Hombres,2021,16.90993236027056
45,Porcentaje de población con carencia por acceso a los servicios de salud,mun,11001,Abasolo,Hombres,2020,28.095117
52,Camas censables por cada 100 mil habitantes,mun,11001,Abasolo,Total,2022,21.28814569606914
1055,Tasa de mortalidad por diabetes y enfermedades hipertensivas,mun,11001,Abasolo,Total,2021,16.35331715815688
52,Camas censables por cada 100 mil habitantes,mun,11001,Abasolo,Total,2021,21.37688517406129
36,Mortalidad por diabetes mellitus por cada 100 mil habitantes,mun,11001,Abasolo,Total,2023,102.662884721223
13,Índice de rezago social,mun,11001,Abasolo,Total,2020,-0.540405
36,Mortalidad por diabetes mellitus por cada 100 mil habitantes,mun,11001,Abasolo,Total,2022,92.6034337779008
36,Mortalidad por diabetes mellitus por cada 100 mil habitantes,mun,11001,Abasolo,Mujeres,2023,81.406707912732
11,Porcentaje de población en situación de pobreza,mun,11001,Abasolo,Hombres,2020,48.222171
52,Camas censables por cada 100 mil habitantes,mun,11001,Abasolo,Total,2020,21.44036362856714
1055,Tasa de mortalidad por diabetes y enfermedades hipertensivas,mun,11001,Abasolo,Mujeres,2021,15.83873290136789
1055,Tasa de mortalidad por diabetes y enfermedades hipertensivas,mun,11001,Abasolo,Hombres,2022,11.75140240792887
1055,Tasa de mortalidad por diabetes y enfermedades hipertensivas,mun,11001,Abasolo,Mujeres,2022,10.2358336062889
51,Enfermeras en instituciones públicas de salud por cada 100 mil habitantes,mun,11001,Abasolo,Total,2023,129.122391092672
51,Enfermeras en instituciones públicas de salud por cada 100 mil habitantes,mun,11001,Abasolo,Total,2021,129.330155303071
51,Enfermeras en instituciones públicas de salud por cada 100 mil habitantes,mun,11001,Abasolo,Total,2022,135.179725170039
51,Enfermeras en instituciones públicas de salud por cada 100 mil habitantes,mun,11001,Abasolo,Total,2020,137.21832722283
1055,Tasa de mortalidad por diabetes y enfermedades hipertensivas,mun,11002,Acámbaro,Hombres,2023,16.03864734299517
36,Mortalidad por diabetes mellitus por cada 100 mil habitantes,mun,11002,Acámbaro,Mujeres,2021,218.185596287382
52,Camas censables por cada 100 mil habitantes,mun,11002,Acámbaro,Total,2023,73.03601588533346
11,Porcentaje de población en situación de pobreza,mun,11002,Acámbaro,Total,2020,51.9105483996
51,Enfermeras en instituciones públicas de salud por cada 100 mil habitantes,mun,11002,Acámbaro,Total,2020,344.906038130773
36,Mortalidad por diabetes mellitus por cada 100 mil habitantes,mun,11002,Acámbaro,Total,2021,249.048961383727
36,Mortalidad por diabetes mellitus por cada 100 mil habitantes,mun,11002,Acámbaro,Mujeres,2022,258.035466888335
51,Enfermeras en instituciones públicas de salud por cada 100 mil habitantes,mun,11002,Acámbaro,Total,2021,358.521032321629
1055,Tasa de mortalidad por diabetes y enfermedades hipertensivas,mun,11002,Acámbaro,Total,2023,17.98511891176336
1055,Tasa de mortalidad por diabetes y enfermedades hipertensivas,mun,11002,Acámbaro,Total,2022,26.39317613107088
1055,Tasa de mortalidad por diabetes y enfermedades hipertensivas,mun,11002,Acámbaro,Total,2020,19.56590981480639
51,Enfermeras en instituciones públicas de salud por cada 100 mil habitantes,mun,11002,Acámbaro,Total,2023,360.615328433834
45,Porcentaje de población con carencia por acceso a los servicios de salud,mun,11002,Acámbaro,Mujeres,2020,18.853517
1055,Tasa de mortalidad por diabetes y enfermedades hipertensivas,mun,11002,Acámbaro,Hombres,2020,19.07567945303794
583,Índice de marginación,mun,11002,Acámbaro,Total,2020,56.9612217570423
51,Enfermeras en instituciones públicas de salud por cada 100 mil habitantes,mun,11002,Acámbaro,Total,2022,366.216734552229
1055,Tasa de mortalidad por diabetes y enfermedades hipertensivas,mun,11002,Acámbaro,Mujeres,2023,19.72830319287012
45,Porcentaje de población con carencia por acceso a los servicios de salud,mun,11002,Acámbaro,Hombres,2020,22.058437
52,Camas censables por cada 100 mil habitantes,mun,11002,Acámbaro,Total,2021,72.98138062526797
52,Camas censables por cada 100 mil habitantes,mun,11002,Acámbaro,Total,2022,73.06069517251457
1055,Tasa de mortalidad por diabetes y enfermedades hipertensivas,mun,11002,Acámbaro,Hombres,2021,32.38991285571066
1055,Tasa de mortalidad por diabetes y enfermedades hipertensivas,mun,11002,Acámbaro,Mujeres,2020,20.02177807439671
36,Mortalidad por diabetes mellitus por cada 100 mil habitantes,mun,11002,Acámbaro,Mujeres,2023,178.246949900493
1055,Tasa de mortalidad por diabetes y enfermedades hipertensivas,mun,11002,Acámbaro,Mujeres,2022,28.57439733998338
52,Camas censables por cada 100 mil habitantes,mun,11002,Acámbaro,Total,2020,72.80338535741912
36,Mortalidad por diabetes mellitus por cada 100 mil habitantes,mun,11002,Acámbaro,Total,2022,230.141189793421
36,Mortalidad por diabetes mellitus por cada 100 mil habitantes,mun,11002,Acámbaro,Total,2023,159.766284749167
11,Porcentaje de población en situación de pobreza,mun,11002,Acámbaro,Mujeres,2020,51.696662
1055,Tasa de mortalidad por diabetes y enfermedades hipertensivas,mun,11002,Acámbaro,Total,2021,28.28028499229134
45,Porcentaje de población con carencia por acceso a los servicios de salud,mun,11002,Acámbaro,Total,2020,20.3925879
1055,Tasa de mortalidad por diabetes y enfermedades hipertensivas,mun,11002,Acámbaro,Mujeres,2021,24.58917037524459
11,Porcentaje de población en situación de pobreza,mun,11002,Acámbaro,Hombres,2020,52.142053
13,Índice de rezago social,mun,11002,Acámbaro,Total,2020,-0.842175
1055,Tasa de mortalidad por diabetes y enfermedades hipertensivas,mun,11002,Acámbaro,Hombres,2022,23.95950071492059
1055,Tasa de mortalidad por diabetes y enfermedades hipertensivas,mun,11003,Allende,Hombres,2023,11.126727570859687
36,Mortalidad por diabetes mellitus por cada 100 mil habitantes,mun,11003,Allende,Mujeres,2021,121.690189814966
45,Porcentaje de población con carencia por acceso a los servicios de salud,mun,11003,Allende,Total,2020,19.91513993
52,Camas censables por cada 100 mil habitantes,mun,11003,Allende,Total,2023,32.5780468899199
51,Enfermeras en instituciones públicas de salud por cada 100 mil habitantes,mun,11003,Allende,Total,2022,169.620467160689
11,Porcentaje de población en situación de pobreza,mun,11003,Allende,Total,2020,43.466392432
1055,Tasa de mortalidad por diabetes y enfermedades hipertensivas,mun,11003,Allende,Total,2022,11.32681524893635
52,Camas censables por cada 100 mil habitantes,mun,11003,Allende,Total,2020,32.76465936052423
1055,Tasa de mortalidad por diabetes y enfermedades hipertensivas,mun,11003,Allende,Hombres,2020,12.19699930133693
1055,Tasa de mortalidad por diabetes y enfermedades hipertensivas,mun,11003,Allende,Mujeres,2020,10.37019433312089
45,Porcentaje de población con carencia por acceso a los servicios de salud,mun,11003,Allende,Mujeres,2020,19.266446
1055,Tasa de mortalidad por diabetes y enfermedades hipertensivas,mun,11003,Allende,Total,2020,11.24166760817987
583,Índice de marginación,mun,11003,Allende,Total,2020,56.201217751103
51,Enfermeras en instituciones públicas de salud por cada 100 mil habitantes,mun,11003,Allende,Total,2023,160.081782131503
51,Enfermeras en instituciones públicas de salud por cada 100 mil habitantes,mun,11003,Allende,Total,2021,172.193805539559
1055,Tasa de mortalidad por diabetes y enfermedades hipertensivas,mun,11003,Allende,Mujeres,2023,12.087983249508927
1055,Tasa de mortalidad por diabetes y enfermedades hipertensivas,mun,11003,Allende,Total,2023,11.62699259691969
52,Camas censables por cada 100 mil habitantes,mun,11003,Allende,Total,2022,32.68434250936857
36,Mortalidad por diabetes mellitus por cada 100 mil habitantes,mun,11003,Allende,Mujeres,2020,78.8566860747734
11,Porcentaje de población en situación de pobreza,mun,11003,Allende,Mujeres,2020,43.117666
51,Enfermeras en instituciones públicas de salud por cada 100 mil habitantes,mun,11003,Allende,Total,2020,170.037283922721
1055,Tasa de mortalidad por diabetes y enfermedades hipertensivas,mun,11003,Allende,Mujeres,2022,11.26784979089471
1055,Tasa de mortalidad por diabetes y enfermedades hipertensivas,mun,11003,Allende,Hombres,2021,17.27602862884744
36,Mortalidad por diabetes mellitus por cada 100 mil habitantes,mun,11003,Allende,Mujeres,2023,101.452716558378
52,Camas censables por cada 100 mil habitantes,mun,11003,Allende,Total,2021,32.74505154522769
36,Mortalidad por diabetes mellitus por cada 100 mil habitantes,mun,11003,Allende,Total,2023,94.9256883516632
11,Porcentaje de población en situación de pobreza,mun,11003,Allende,Hombres,2020,43.838327
1055,Tasa de mortalidad por diabetes y enfermedades hipertensivas,mun,11003,Allende,Mujeres,2021,16.51509718917392
1055,Tasa de mortalidad por diabetes y enfermedades hipertensivas,mun,11003,Allende,Total,2021,16.8806386414191
45,Porcentaje de población con carencia por acceso a los servicios de salud,mun,11003,Allende,Hombres,2020,20.607007
1055,Tasa de mortalidad por diabetes y enfermedades hipertensivas,mun,11003,Allende,Hombres,2022,11.39072536608852
13,Índice de rezago social,mun,11003,Allende,Total,2020,-0.607835
1055,Tasa de mortalidad por diabetes y enfermedades hipertensivas,mun,11004,Apaseo el Alto,Hombres,2023,11.970236169524426
36,Mortalidad por diabetes mellitus por cada 100 mil habitantes,mun,11004,Apaseo el Alto,Total,2020,158.039682042937
45,Porcentaje de población con carencia por acceso a los servicios de salud,mun,11004,Apaseo el Alto,Mujeres,2020,23.755589
51,Enfermeras en instituciones públicas de salud por cada 100 mil habitantes,mun,11004,Apaseo el Alto,Total,2023,166.110328898451
45,Porcentaje de población con carencia por acceso a los servicios de salud,mun,11004,Apaseo el Alto,Total,2020,26.50394227
36,Mortalidad por diabetes mellitus por cada 100 mil habitantes,mun,11004,Apaseo el Alto,Mujeres,2022,95.7706447526955
1055,Tasa de mortalidad por diabetes y enfermedades hipertensivas,mun,11004,Apaseo el Alto,Mujeres,2023,14.860221045788055
51,Enfermeras en instituciones públicas de salud por cada 100 mil habitantes,mun,11004,Apaseo el Alto,Total,2022,161.002636023551
11,Porcentaje de población en situación de pobreza,mun,11004,Apaseo el Alto,Mujeres,2020,51.682124
52,Camas censables por cada 100 mil habitantes,mun,11004,Apaseo el Alto,Total,2023,31.64006264732404
36,Mortalidad por diabetes mellitus por cada 100 mil habitantes,mun,11004,Apaseo el Alto,Mujeres,2021,169.381910012011
51,Enfermeras en instituciones públicas de salud por cada 100 mil habitantes,mun,11004,Apaseo el Alto,Total,2021,158.830004717723
11,Porcentaje de población en situación de pobreza,mun,11004,Apaseo el Alto,Total,2020,50.7421527587
1055,Tasa de mortalidad por diabetes y enfermedades hipertensivas,mun,11004,Apaseo el Alto,Hombres,2020,16.19852917355104
51,Enfermeras en instituciones públicas de salud por cada 100 mil habitantes,mun,11004,Apaseo el Alto,Total,2020,150.215935407148
1055,Tasa de mortalidad por diabetes y enfermedades hipertensivas,mun,11004,Apaseo el Alto,Total,2022,13.5747320568876
1055,Tasa de mortalidad por diabetes y enfermedades hipertensivas,mun,11004,Apaseo el Alto,Total,2020,16.89929273330413
52,Camas censables por cada 100 mil habitantes,mun,11004,Apaseo el Alto,Total,2022,31.56914431834325
583,Índice de marginación,mun,11004,Apaseo el Alto,Total,2020,56.7235853688555
1055,Tasa de mortalidad por diabetes y enfermedades hipertensivas,mun,11004,Apaseo el Alto,Hombres,2021,16.06735434943282
52,Camas censables por cada 100 mil habitantes,mun,11004,Apaseo el Alto,Total,2020,31.29498654315579
36,Mortalidad por diabetes mellitus por cada 100 mil habitantes,mun,11004,Apaseo el Alto,Mujeres,2020,166.459852910021
1055,Tasa de mortalidad por diabetes y enfermedades hipertensivas,mun,11004,Apaseo el Alto,Total,2021,17.92734706714892
11,Porcentaje de población en situación de pobreza,mun,11004,Apaseo el Alto,Hombres,2020,49.771221
1055,Tasa de mortalidad por diabetes y enfermedades hipertensivas,mun,11004,Apaseo el Alto,Total,2023,13.447026625112716
1055,Tasa de mortalidad por diabetes y enfermedades hipertensivas,mun,11004,Apaseo el Alto,Mujeres,2022,11.43068985757978
36,Mortalidad por diabetes mellitus por cada 100 mil habitantes,mun,11004,Apaseo el Alto,Total,2022,116.80583397787
36,Mortalidad por diabetes mellitus por cada 100 mil habitantes,mun,11004,Apaseo el Alto,Mujeres,2023,136.218692919724
36,Mortalidad por diabetes mellitus por cada 100 mil habitantes,mun,11004,Apaseo el Alto,Total,2023,121.814241192198
52,Camas censables por cada 100 mil habitantes,mun,11004,Apaseo el Alto,Total,2021,31.45148608271741
1055,Tasa de mortalidad por diabetes y enfermedades hipertensivas,mun,11004,Apaseo el Alto,Mujeres,2020,17.55394812505675
13,Índice de rezago social,mun,11004,Apaseo el Alto,Total,2020,-0.697684
1055,Tasa de mortalidad por diabetes y enfermedades hipertensivas,mun,11004,Apaseo el Alto,Mujeres,2021,19.70989498321579
36,Mortalidad por diabetes mellitus por cada 100 mil habitantes,mun,11004,Apaseo el Alto,Total,2021,160.402579021859
45,Porcentaje de población con carencia por acceso a los servicios de salud,mun,11004,Apaseo el Alto,Hombres,2020,29.34282
1055,Tasa de mortalidad por diabetes y enfermedades hipertensivas,mun,11004,Apaseo el Alto,Hombres,2022,15.81461399431965
1055,Tasa de mortalidad por diabetes y enfermedades hipertensivas,mun,11005,Apaseo el Grande,Hombres,2023,8.008629707112972
36,Mortalidad por diabetes mellitus por cada 100 mil habitantes,mun,11005,Apaseo el Grande,Total,2020,91.6431366721157
51,Enfermeras en instituciones públicas de salud por cada 100 mil habitantes,mun,11005,Apaseo el Grande,Total,2023,95.3378979963283
11,Porcentaje de población en situación de pobreza,mun,11005,Apaseo el Grande,Mujeres,2020,42.07323
51,Enfermeras en instituciones públicas de salud por cada 100 mil habitantes,mun,11005,Apaseo el Grande,Total,2022,92.9673412141855
51,Enfermeras en instituciones públicas de salud por cada 100 mil habitantes,mun,11005,Apaseo el Grande,Total,2021,93.6039981116411
52,Camas censables por cada 100 mil habitantes,mun,11005,Apaseo el Grande,Total,2022,9.61731116008816
1055,Tasa de mortalidad por diabetes y enfermedades hipertensivas,mun,11005,Apaseo el Grande,Total,2022,10.81947505509918
45,Porcentaje de población con carencia por acceso a los servicios de salud,mun,11005,Apaseo el Grande,Mujeres,2020,25.297453
52,Camas censables por cada 100 mil habitantes,mun,11005,Apaseo el Grande,Total,2023,9.454998148396196
1055,Tasa de mortalidad por diabetes y enfermedades hipertensivas,mun,11005,Apaseo el Grande,Hombres,2020,10.51114690175468
1055,Tasa de mortalidad por diabetes y enfermedades hipertensivas,mun,11005,Apaseo el Grande,Total,2020,10.23761166427239
36,Mortalidad por diabetes mellitus por cada 100 mil habitantes,mun,11005,Apaseo el Grande,Mujeres,2021,102.247880322789
51,Enfermeras en instituciones públicas de salud por cada 100 mil habitantes,mun,11005,Apaseo el Grande,Total,2020,97.4224335793663
1055,Tasa de mortalidad por diabetes y enfermedades hipertensivas,mun,11005,Apaseo el Grande,Mujeres,2023,9.127835333850577
52,Camas censables por cada 100 mil habitantes,mun,11005,Apaseo el Grande,Total,2020,9.907366126715212
1055,Tasa de mortalidad por diabetes y enfermedades hipertensivas,mun,11005,Apaseo el Grande,Total,2023,8.58828998479321
11,Porcentaje de población en situación de pobreza,mun,11005,Apaseo el Grande,Total,2020,41.1559721421
36,Mortalidad por diabetes mellitus por cada 100 mil habitantes,mun,11005,Apaseo el Grande,Mujeres,2020,83.68604857009511
11,Porcentaje de población en situación de pobreza,mun,11005,Apaseo el Grande,Hombres,2020,40.226727
583,Índice de marginación,mun,11005,Apaseo el Grande,Total,2020,57.409175625332
36,Mortalidad por diabetes mellitus por cada 100 mil habitantes,mun,11005,Apaseo el Grande,Total,2023,69.3366530882388
1055,Tasa de mortalidad por diabetes y enfermedades hipertensivas,mun,11005,Apaseo el Grande,Total,2021,10.66271630663042
45,Porcentaje de población con carencia por acceso a los servicios de salud,mun,11005,Apaseo el Grande,Total,2020,26.09208552
1055,Tasa de mortalidad por diabetes y enfermedades hipertensivas,mun,11005,Apaseo el Grande,Mujeres,2020,9.977951944895956
1055,Tasa de mortalidad por diabetes y enfermedades hipertensivas,mun,11005,Apaseo el Grande,Hombres,2021,9.782920370401609
13,Índice de rezago social,mun,11005,Apaseo el Grande,Total,2020,-0.743184
1055,Tasa de mortalidad por diabetes y enfermedades hipertensivas,mun,11005,Apaseo el Grande,Mujeres,2021,11.4832234824055
1055,Tasa de mortalidad por diabetes y enfermedades hipertensivas,mun,11005,Apaseo el Grande,Mujeres,2022,9.751416277125964
36,Mortalidad por diabetes mellitus por cada 100 mil habitantes,mun,11005,Apaseo el Grande,Mujeres,2022,85.1314119431632
36,Mortalidad por diabetes mellitus por cada 100 mil habitantes,mun,11005,Apaseo el Grande,Total,2022,94.5702264075336
45,Porcentaje de población con carencia por acceso a los servicios de salud,mun,11005,Apaseo el Grande,Hombres,2020,26.897102
36,Mortalidad por diabetes mellitus por cada 100 mil habitantes,mun,11005,Apaseo el Grande,Mujeres,2023,71.5013767818295
52,Camas censables por cada 100 mil habitantes,mun,11005,Apaseo el Grande,Total,2021,9.76737371599733
1055,Tasa de mortalidad por diabetes y enfermedades hipertensivas,mun,11005,Apaseo el Grande,Hombres,2022,11.96629493593046
51,Enfermeras en instituciones públicas de salud por cada 100 mil habitantes,mun,11006,Atarjea,Total,2021,352.112676056338
51,Enfermeras en instituciones públicas de salud por cada 100 mil habitantes,mun,11006,Atarjea,Total,2023,329.67032967033
36,Mortalidad por diabetes mellitus por cada 100 mil habitantes,mun,11006,Atarjea,Hombres,2021,112.612612612613
45,Porcentaje de población con carencia por acceso a los servicios de salud,mun,11006,Atarjea,Total,2020,9.314903846
51,Enfermeras en instituciones públicas de salud por cada 100 mil habitantes,mun,11006,Atarjea,Total,2022,332.042058660764
36,Mortalidad por diabetes mellitus por cada 100 mil habitantes,mun,11006,Atarjea,Hombres,2022,37.4111485222596
1055,Tasa de mortalidad por diabetes y enfermedades hipertensivas,mun,11006,Atarjea,Mujeres,2023,3.615328994938539
1055,Tasa de mortalidad por diabetes y enfermedades hipertensivas,mun,11006,Atarjea,Total,2022,9.223390518354549
1055,Tasa de mortalidad por diabetes y enfermedades hipertensivas,mun,11006,Atarjea,Hombres,2020,11.41552511415525
51,Enfermeras en instituciones públicas de salud por cada 100 mil habitantes,mun,11006,Atarjea,Total,2020,353.685778108712
1055,Tasa de mortalidad por diabetes y enfermedades hipertensivas,mun,11006,Atarjea,Total,2020,11.16902457185406
36,Mortalidad por diabetes mellitus por cada 100 mil habitantes,mun,11006,Atarjea,Hombres,2020,114.155251141553
52,Camas censables por cada 100 mil habitantes,mun,11006,Atarjea,Total,2023,0.0
52,Camas censables por cada 100 mil habitantes,mun,11006,Atarjea,Total,2022,0.0
11,Porcentaje de población en situación de pobreza,mun,11006,Atarjea,Mujeres,2020,69.146785
11,Porcentaje de población en situación de pobreza,mun,11006,Atarjea,Hombres,2020,68.381328
11,Porcentaje de población en situación de pobreza,mun,11006,Atarjea,Total,2020,68.7772435897
1055,Tasa de mortalidad por diabetes y enfermedades hipertensivas,mun,11006,Atarjea,Mujeres,2020,10.93294460641399
583,Índice de marginación,mun,11006,Atarjea,Total,2020,49.6157618202359
36,Mortalidad por diabetes mellitus por cada 100 mil habitantes,mun,11006,Atarjea,Mujeres,2020,109.32944606414
1055,Tasa de mortalidad por diabetes y enfermedades hipertensivas,mun,11006,Atarjea,Mujeres,2021,3.660322108345535
1055,Tasa de mortalidad por diabetes y enfermedades hipertensivas,mun,11006,Atarjea,Total,2021,9.26612305411416
1055,Tasa de mortalidad por diabetes y enfermedades hipertensivas,mun,11006,Atarjea,Hombres,2021,15.01501501501502
52,Camas censables por cada 100 mil habitantes,mun,11006,Atarjea,Total,2020,0.0
13,Índice de rezago social,mun,11006,Atarjea,Total,2020,0.816765
1055,Tasa de mortalidad por diabetes y enfermedades hipertensivas,mun,11006,Atarjea,Hombres,2022,11.22334455667789
36,Mortalidad por diabetes mellitus por cada 100 mil habitantes,mun,11006,Atarjea,Mujeres,2022,72.78020378457059
1055,Tasa de mortalidad por diabetes y enfermedades hipertensivas,mun,11006,Atarjea,Total,2023,7.326007326007325
1055,Tasa de mortalidad por diabetes y enfermedades hipertensivas,mun,11006,Atarjea,Mujeres,2022,7.27802037845706
52,Camas censables por cada 100 mil habitantes,mun,11006,Atarjea,Total,2021,0.0
1055,Tasa de mortalidad por diabetes y enfermedades hipertensivas,mun,11007,Celaya,Total,2022,12.43822594936474
1055,Tasa de mortalidad por diabetes y enfermedades hipertensivas,mun,11007,Celaya,Hombres,2023,13.189919726677651
52,Camas censables por cada 100 mil habitantes,mun,11007,Celaya,Total,2023,76.41995422133198
51,Enfermeras en instituciones públicas de salud por cada 100 mil habitantes,mun,11007,Celaya,Total,2022,288.062639721502
51,Enfermeras en instituciones públicas de salud por cada 100 mil habitantes,mun,11007,Celaya,Total,2023,285.70433724474
51,Enfermeras en instituciones públicas de salud por cada 100 mil habitantes,mun,11007,Celaya,Total,2021,270.913917898292
51,Enfermeras en instituciones públicas de salud por cada 100 mil habitantes,mun,11007,Celaya,Total,2020,268.359794754803
36,Mortalidad por diabetes mellitus por cada 100 mil habitantes,mun,11007,Celaya,Total,2020,124.45397941127
45,Porcentaje de población con carencia por acceso a los servicios de salud,mun,11007,Celaya,Total,2020,30.91543732
1055,Tasa de mortalidad por diabetes y enfermedades hipertensivas,mun,11007,Celaya,Total,2020,14.50389319997809
1055,Tasa de mortalidad por diabetes y enfermedades hipertensivas,mun,11007,Celaya,Mujeres,2023,14.978315241947822
11,Porcentaje de población en situación de pobreza,mun,11007,Celaya,Total,2020,40.4969922484
36,Mortalidad por diabetes mellitus por cada 100 mil habitantes,mun,11007,Celaya,Mujeres,2021,125.545851528384
36,Mortalidad por diabetes mellitus por cada 100 mil habitantes,mun,11007,Celaya,Mujeres,2020,121.127776918716
1055,Tasa de mortalidad por diabetes y enfermedades hipertensivas,mun,11007,Celaya,Hombres,2020,14.77322517729809
11,Porcentaje de población en situación de pobreza,mun,11007,Celaya,Hombres,2020,40.766833
11,Porcentaje de población en situación de pobreza,mun,11007,Celaya,Mujeres,2020,40.240086
52,Camas censables por cada 100 mil habitantes,mun,11007,Celaya,Total,2022,74.33276610574161
45,Porcentaje de población con carencia por acceso a los servicios de salud,mun,11007,Celaya,Mujeres,2020,28.993736
52,Camas censables por cada 100 mil habitantes,mun,11007,Celaya,Total,2020,75.72996319259396
1055,Tasa de mortalidad por diabetes y enfermedades hipertensivas,mun,11007,Celaya,Mujeres,2021,15.3566229985444
1055,Tasa de mortalidad por diabetes y enfermedades hipertensivas,mun,11007,Celaya,Total,2023,14.111118645186
583,Índice de marginación,mun,11007,Celaya,Total,2020,58.8389938098381
1055,Tasa de mortalidad por diabetes y enfermedades hipertensivas,mun,11007,Celaya,Total,2021,14.28523285116772
1055,Tasa de mortalidad por diabetes y enfermedades hipertensivas,mun,11007,Celaya,Hombres,2021,13.14987775626836
1055,Tasa de mortalidad por diabetes y enfermedades hipertensivas,mun,11007,Celaya,Hombres,2022,11.46346402956045
52,Camas censables por cada 100 mil habitantes,mun,11007,Celaya,Total,2021,75.07704290063245
45,Porcentaje de población con carencia por acceso a los servicios de salud,mun,11007,Celaya,Hombres,2020,32.933892
1055,Tasa de mortalidad por diabetes y enfermedades hipertensivas,mun,11007,Celaya,Mujeres,2020,14.24816099317414
36,Mortalidad por diabetes mellitus por cada 100 mil habitantes,mun,11007,Celaya,Mujeres,2023,118.830339449182
13,Índice de rezago social,mun,11007,Celaya,Total,2020,-1.12077
36,Mortalidad por diabetes mellitus por cada 100 mil habitantes,mun,11007,Celaya,Mujeres,2022,112.32516695768
1055,Tasa de mortalidad por diabetes y enfermedades hipertensivas,mun,11007,Celaya,Mujeres,2022,13.3566144042626
36,Mortalidad por diabetes mellitus por cada 100 mil habitantes,mun,11007,Celaya,Total,2022,106.957621054895
51,Enfermeras en instituciones públicas de salud por cada 100 mil habitantes,mun,11008,Manuel Doblado,Total,2020,240.935114503817
51,Enfermeras en instituciones públicas de salud por cada 100 mil habitantes,mun,11008,Manuel Doblado,Total,2023,214.805404781153
51,Enfermeras en instituciones públicas de salud por cada 100 mil habitantes,mun,11008,Manuel Doblado,Total,2021,219.764639160641
1055,Tasa de mortalidad por diabetes y enfermedades hipertensivas,mun,11008,Manuel Doblado,Hombres,2023,14.02185475292525
45,Porcentaje de población con carencia por acceso a los servicios de salud,mun,11008,Manuel Doblado,Total,2020,25.33494817
1055,Tasa de mortalidad por diabetes y enfermedades hipertensivas,mun,11008,Manuel Doblado,Mujeres,2020,11.48527587632655
11,Porcentaje de población en situación de pobreza,mun,11008,Manuel Doblado,Total,2020,50.1558132054
36,Mortalidad por diabetes mellitus por cada 100 mil habitantes,mun,11008,Manuel Doblado,Total,2023,99.318628017092
45,Porcentaje de población con carencia por acceso a los servicios de salud,mun,11008,Manuel Doblado,Mujeres,2020,22.936001
52,Camas censables por cada 100 mil habitantes,mun,11008,Manuel Doblado,Total,2020,40.55343511450381
11,Porcentaje de población en situación de pobreza,mun,11008,Manuel Doblado,Hombres,2020,49.366116
51,Enfermeras en instituciones públicas de salud por cada 100 mil habitantes,mun,11008,Manuel Doblado,Total,2022,205.718026042032
1055,Tasa de mortalidad por diabetes y enfermedades hipertensivas,mun,11008,Manuel Doblado,Total,2022,10.75344227037894
52,Camas censables por cada 100 mil habitantes,mun,11008,Manuel Doblado,Total,2022,39.74098230357435
52,Camas censables por cada 100 mil habitantes,mun,11008,Manuel Doblado,Total,2023,39.26550409978057
36,Mortalidad por diabetes mellitus por cada 100 mil habitantes,mun,11008,Manuel Doblado,Hombres,2022,102.739726027397
1055,Tasa de mortalidad por diabetes y enfermedades hipertensivas,mun,11008,Manuel Doblado,Hombres,2022,12.23091976516634
1055,Tasa de mortalidad por diabetes y enfermedades hipertensivas,mun,11008,Manuel Doblado,Total,2020,10.25763358778626
1055,Tasa de mortalidad por diabetes y enfermedades hipertensivas,mun,11008,Manuel Doblado,Total,2021,12.52422137152039
1055,Tasa de mortalidad por diabetes y enfermedades hipertensivas,mun,11008,Manuel Doblado,Mujeres,2021,14.03921923825914
1055,Tasa de mortalidad por diabetes y enfermedades hipertensivas,mun,11008,Manuel Doblado,Mujeres,2023,9.286693494892319
13,Índice de rezago social,mun,11008,Manuel Doblado,Total,2020,-0.493599
36,Mortalidad por diabetes mellitus por cada 100 mil habitantes,mun,11008,Manuel Doblado,Total,2020,81.1068702290076
36,Mortalidad por diabetes mellitus por cada 100 mil habitantes,mun,11008,Manuel Doblado,Total,2022,91.1704888140823
583,Índice de marginación,mun,11008,Manuel Doblado,Total,2020,55.7576546289023
1055,Tasa de mortalidad por diabetes y enfermedades hipertensivas,mun,11008,Manuel Doblado,Total,2023,11.54867767640605
52,Camas censables por cada 100 mil habitantes,mun,11008,Manuel Doblado,Total,2021,40.17203081431069
1055,Tasa de mortalidad por diabetes y enfermedades hipertensivas,mun,11008,Manuel Doblado,Mujeres,2022,9.40144155437167
45,Porcentaje de población con carencia por acceso a los servicios de salud,mun,11008,Manuel Doblado,Hombres,2020,27.98613
11,Porcentaje de población en situación de pobreza,mun,11008,Manuel Doblado,Mujeres,2020,50.870378
1055,Tasa de mortalidad por diabetes y enfermedades hipertensivas,mun,11008,Manuel Doblado,Hombres,2020,8.931672703815808
1055,Tasa de mortalidad por diabetes y enfermedades hipertensivas,mun,11008,Manuel Doblado,Hombres,2021,10.87117655779019
11,Porcentaje de población en situación de pobreza,mun,11009,Comonfort,Total,2020,52.051214845
36,Mortalidad por diabetes mellitus por cada 100 mil habitantes,mun,11008,Manuel Doblado,Mujeres,2022,80.5837847517572
1055,Tasa de mortalidad por diabetes y enfermedades hipertensivas,mun,11009,Comonfort,Hombres,2023,17.09619800969635
36,Mortalidad por diabetes mellitus por cada 100 mil habitantes,mun,11009,Comonfort,Total,2020,126.132186531485
1055,Tasa de mortalidad por diabetes y enfermedades hipertensivas,mun,11009,Comonfort,Mujeres,2023,17.006021050696322
45,Porcentaje de población con carencia por acceso a los servicios de salud,mun,11009,Comonfort,Total,2020,18.72817296
1055,Tasa de mortalidad por diabetes y enfermedades hipertensivas,mun,11009,Comonfort,Total,2022,17.27616493300956
36,Mortalidad por diabetes mellitus por cada 100 mil habitantes,mun,11009,Comonfort,Total,2021,151.884085922997
52,Camas censables por cada 100 mil habitantes,mun,11009,Comonfort,Total,2023,21.76436448055717
1055,Tasa de mortalidad por diabetes y enfermedades hipertensivas,mun,11009,Comonfort,Total,2020,15.25598827571295
1055,Tasa de mortalidad por diabetes y enfermedades hipertensivas,mun,11009,Comonfort,Hombres,2020,12.19884111009454
1055,Tasa de mortalidad por diabetes y enfermedades hipertensivas,mun,11009,Comonfort,Mujeres,2021,15.60420395612465
36,Mortalidad por diabetes mellitus por cada 100 mil habitantes,mun,11009,Comonfort,Mujeres,2020,141.23650280195
52,Camas censables por cada 100 mil habitantes,mun,11009,Comonfort,Total,2020,21.62266054825457
51,Enfermeras en instituciones públicas de salud por cada 100 mil habitantes,mun,11009,Comonfort,Total,2020,147.75484707974
36,Mortalidad por diabetes mellitus por cada 100 mil habitantes,mun,11009,Comonfort,Total,2023,146.304894563745
11,Porcentaje de población en situación de pobreza,mun,11009,Comonfort,Hombres,2020,51.786636
36,Mortalidad por diabetes mellitus por cada 100 mil habitantes,mun,11009,Comonfort,Mujeres,2021,139.978888429942
52,Camas censables por cada 100 mil habitantes,mun,11009,Comonfort,Total,2022,21.74622159399804
1055,Tasa de mortalidad por diabetes y enfermedades hipertensivas,mun,11009,Comonfort,Mujeres,2020,17.99626406670008
583,Índice de marginación,mun,11009,Comonfort,Total,2020,54.1045646023985
45,Porcentaje de población con carencia por acceso a los servicios de salud,mun,11009,Comonfort,Mujeres,2020,17.399045
1055,Tasa de mortalidad por diabetes y enfermedades hipertensivas,mun,11009,Comonfort,Total,2021,17.71981002434967
36,Mortalidad por diabetes mellitus por cada 100 mil habitantes,mun,11009,Comonfort,Mujeres,2023,149.377211931792
45,Porcentaje de población con carencia por acceso a los servicios de salud,mun,11009,Comonfort,Hombres,2020,20.15945
51,Enfermeras en instituciones públicas de salud por cada 100 mil habitantes,mun,11009,Comonfort,Total,2022,165.512908798763
52,Camas censables por cada 100 mil habitantes,mun,11009,Comonfort,Total,2021,21.69772656042817
1055,Tasa de mortalidad por diabetes y enfermedades hipertensivas,mun,11009,Comonfort,Total,2023,17.048752176436448
1055,Tasa de mortalidad por diabetes y enfermedades hipertensivas,mun,11009,Comonfort,Hombres,2022,16.30531706198568
11,Porcentaje de población en situación de pobreza,mun,11009,Comonfort,Mujeres,2020,52.296911
1055,Tasa de mortalidad por diabetes y enfermedades hipertensivas,mun,11009,Comonfort,Hombres,2021,20.06094464195023
36,Mortalidad por diabetes mellitus por cada 100 mil habitantes,mun,11009,Comonfort,Mujeres,2022,151.647442672671
1055,Tasa de mortalidad por diabetes y enfermedades hipertensivas,mun,11009,Comonfort,Mujeres,2022,18.15173935021368
13,Índice de rezago social,mun,11009,Comonfort,Total,2020,-0.205953
51,Enfermeras en instituciones públicas de salud por cada 100 mil habitantes,mun,11009,Comonfort,Total,2021,165.143807709926
51,Enfermeras en instituciones públicas de salud por cada 100 mil habitantes,mun,11009,Comonfort,Total,2023,168.069259044303
36,Mortalidad por diabetes mellitus por cada 100 mil habitantes,mun,11009,Comonfort,Total,2022,143.766687204765
11,Porcentaje de población en situación de pobreza,mun,11010,Coroneo,Total,2020,52.4429024452
52,Camas censables por cada 100 mil habitantes,mun,11010,Coroneo,Total,2022,0.0
1055,Tasa de mortalidad por diabetes y enfermedades hipertensivas,mun,11010,Coroneo,Hombres,2023,15.273004963726612
36,Mortalidad por diabetes mellitus por cada 100 mil habitantes,mun,11010,Coroneo,Total,2023,135.672937771346
1055,Tasa de mortalidad por diabetes y enfermedades hipertensivas,mun,11010,Coroneo,Mujeres,2021,30.81136597055803
1055,Tasa de mortalidad por diabetes y enfermedades hipertensivas,mun,11010,Coroneo,Total,2022,11.72967608048362
1055,Tasa de mortalidad por diabetes y enfermedades hipertensivas,mun,11010,Coroneo,Total,2020,21.49189576430554
36,Mortalidad por diabetes mellitus por cada 100 mil habitantes,mun,11010,Coroneo,Total,2021,197.82393669634
52,Camas censables por cada 100 mil habitantes,mun,11010,Coroneo,Total,2020,0.0
1055,Tasa de mortalidad por diabetes y enfermedades hipertensivas,mun,11010,Coroneo,Hombres,2020,26.27134546819291
11,Porcentaje de población en situación de pobreza,mun,11010,Coroneo,Hombres,2020,51.946151
45,Porcentaje de población con carencia por acceso a los servicios de salud,mun,11010,Coroneo,Hombres,2020,18.03573
1055,Tasa de mortalidad por diabetes y enfermedades hipertensivas,mun,11010,Coroneo,Total,2021,26.07679165542667
1055,Tasa de mortalidad por diabetes y enfermedades hipertensivas,mun,11010,Coroneo,Hombres,2021,20.8372797878386
1055,Tasa de mortalidad por diabetes y enfermedades hipertensivas,mun,11010,Coroneo,Mujeres,2023,13.750429700928157
51,Enfermeras en instituciones públicas de salud por cada 100 mil habitantes,mun,11010,Coroneo,Total,2020,358.198262738426
52,Camas censables por cada 100 mil habitantes,mun,11010,Coroneo,Total,2023,0.0
45,Porcentaje de población con carencia por acceso a los servicios de salud,mun,11010,Coroneo,Total,2020,16.03088276
583,Índice de marginación,mun,11010,Coroneo,Total,2020,55.4795869955235
51,Enfermeras en instituciones públicas de salud por cada 100 mil habitantes,mun,11010,Coroneo,Total,2021,323.711896412193
51,Enfermeras en instituciones públicas de salud por cada 100 mil habitantes,mun,11010,Coroneo,Total,2023,298.480463096961
1055,Tasa de mortalidad por diabetes y enfermedades hipertensivas,mun,11010,Coroneo,Total,2023,14.47178002894356
45,Porcentaje de población con carencia por acceso a los servicios de salud,mun,11010,Coroneo,Mujeres,2020,14.226671
51,Enfermeras en instituciones públicas de salud por cada 100 mil habitantes,mun,11010,Coroneo,Total,2022,324.821799151854
1055,Tasa de mortalidad por diabetes y enfermedades hipertensivas,mun,11010,Coroneo,Mujeres,2022,10.29336078229542
1055,Tasa de mortalidad por diabetes y enfermedades hipertensivas,mun,11010,Coroneo,Hombres,2022,13.32318233726684
11,Porcentaje de población en situación de pobreza,mun,11010,Coroneo,Mujeres,2020,52.889941
36,Mortalidad por diabetes mellitus por cada 100 mil habitantes,mun,11010,Coroneo,Mujeres,2023,137.504297009282
52,Camas censables por cada 100 mil habitantes,mun,11010,Coroneo,Total,2021,0.0
1055,Tasa de mortalidad por diabetes y enfermedades hipertensivas,mun,11010,Coroneo,Mujeres,2020,17.1291538198013
36,Mortalidad por diabetes mellitus por cada 100 mil habitantes,mun,11010,Coroneo,Mujeres,2022,85.7780065191285
36,Mortalidad por diabetes mellitus por cada 100 mil habitantes,mun,11010,Coroneo,Total,2022,90.2282775421817
13,Índice de rezago social,mun,11010,Coroneo,Total,2020,-0.599197
52,Camas censables por cada 100 mil habitantes,mun,11011,Cortazar,Total,2022,12.99597124891284
52,Camas censables por cada 100 mil habitantes,mun,11011,Cortazar,Total,2020,11.07776591673548
11,Porcentaje de población en situación de pobreza,mun,11011,Cortazar,Total,2020,40.3287381244
52,Camas censables por cada 100 mil habitantes,mun,11011,Cortazar,Total,2023,12.92259366395292
1055,Tasa de mortalidad por diabetes y enfermedades hipertensivas,mun,11011,Cortazar,Hombres,2023,18.0040099840419
1055,Tasa de mortalidad por diabetes y enfermedades hipertensivas,mun,11011,Cortazar,Mujeres,2023,18.94781616751416
11,Porcentaje de población en situación de pobreza,mun,11011,Cortazar,Hombres,2020,39.754082
1055,Tasa de mortalidad por diabetes y enfermedades hipertensivas,mun,11011,Cortazar,Total,2022,16.09501054673051
51,Enfermeras en instituciones públicas de salud por cada 100 mil habitantes,mun,11011,Cortazar,Total,2021,112.450928222171
45,Porcentaje de población con carencia por acceso a los servicios de salud,mun,11011,Cortazar,Total,2020,27.61130386
1055,Tasa de mortalidad por diabetes y enfermedades hipertensivas,mun,11011,Cortazar,Total,2020,17.9258393925356
51,Enfermeras en instituciones públicas de salud por cada 100 mil habitantes,mun,11011,Cortazar,Total,2020,117.827146568914
45,Porcentaje de población con carencia por acceso a los servicios de salud,mun,11011,Cortazar,Mujeres,2020,25.643273
1055,Tasa de mortalidad por diabetes y enfermedades hipertensivas,mun,11011,Cortazar,Mujeres,2021,18.96568579528791
51,Enfermeras en instituciones públicas de salud por cada 100 mil habitantes,mun,11011,Cortazar,Total,2023,107.356931977455
36,Mortalidad por diabetes mellitus por cada 100 mil habitantes,mun,11011,Cortazar,Mujeres,2020,133.430135588564
45,Porcentaje de población con carencia por acceso a los servicios de salud,mun,11011,Cortazar,Hombres,2020,29.668164
51,Enfermeras en instituciones públicas de salud por cada 100 mil habitantes,mun,11011,Cortazar,Total,2022,113.964670952005
1055,Tasa de mortalidad por diabetes y enfermedades hipertensivas,mun,11011,Cortazar,Hombres,2020,19.24071583738492
36,Mortalidad por diabetes mellitus por cada 100 mil habitantes,mun,11011,Cortazar,Mujeres,2021,170.104604555675
1055,Tasa de mortalidad por diabetes y enfermedades hipertensivas,mun,11011,Cortazar,Total,2021,17.77126276368237
1055,Tasa de mortalidad por diabetes y enfermedades hipertensivas,mun,11011,Cortazar,Mujeres,2020,16.67876694857053
1055,Tasa de mortalidad por diabetes y enfermedades hipertensivas,mun,11011,Cortazar,Hombres,2021,16.51050480868453
1055,Tasa de mortalidad por diabetes y enfermedades hipertensivas,mun,11011,Cortazar,Mujeres,2022,14.39408675354989
583,Índice de marginación,mun,11011,Cortazar,Total,2020,57.5912510275716
11,Porcentaje de población en situación de pobreza,mun,11011,Cortazar,Mujeres,2020,40.878577
1055,Tasa de mortalidad por diabetes y enfermedades hipertensivas,mun,11011,Cortazar,Hombres,2022,17.89350280742889
52,Camas censables por cada 100 mil habitantes,mun,11011,Cortazar,Total,2021,11.04428759324893
1055,Tasa de mortalidad por diabetes y enfermedades hipertensivas,mun,11011,Cortazar,Total,2023,18.489249396117252
13,Índice de rezago social,mun,11011,Cortazar,Total,2020,-0.884588
36,Mortalidad por diabetes mellitus por cada 100 mil habitantes,mun,11011,Cortazar,Mujeres,2022,110.873370939506
36,Mortalidad por diabetes mellitus por cada 100 mil habitantes,mun,11011,Cortazar,Mujeres,2023,148.87569845904
52,Camas censables por cada 100 mil habitantes,mun,11012,Cuerámaro,Total,2022,0.0
52,Camas censables por cada 100 mil habitantes,mun,11012,Cuerámaro,Total,2023,0.0
51,Enfermeras en instituciones públicas de salud por cada 100 mil habitantes,mun,11012,Cuerámaro,Total,2022,111.162575266327
51,Enfermeras en instituciones públicas de salud por cada 100 mil habitantes,mun,11012,Cuerámaro,Total,2023,109.273030808924
1055,Tasa de mortalidad por diabetes y enfermedades hipertensivas,mun,11012,Cuerámaro,Hombres,2023,11.313639220615965
51,Enfermeras en instituciones públicas de salud por cada 100 mil habitantes,mun,11012,Cuerámaro,Total,2020,120.97672789787
36,Mortalidad por diabetes mellitus por cada 100 mil habitantes,mun,11012,Cuerámaro,Total,2021,122.345264610848
11,Porcentaje de población en situación de pobreza,mun,11012,Cuerámaro,Hombres,2020,51.236537
1055,Tasa de mortalidad por diabetes y enfermedades hipertensivas,mun,11012,Cuerámaro,Total,2020,16.55471013339276
45,Porcentaje de población con carencia por acceso a los servicios de salud,mun,11012,Cuerámaro,Hombres,2020,27.971193
51,Enfermeras en instituciones públicas de salud por cada 100 mil habitantes,mun,11012,Cuerámaro,Total,2021,119.208206543903
1055,Tasa de mortalidad por diabetes y enfermedades hipertensivas,mun,11012,Cuerámaro,Mujeres,2021,19.4221898519058
1055,Tasa de mortalidad por diabetes y enfermedades hipertensivas,mun,11012,Cuerámaro,Total,2022,13.27775204570017
1055,Tasa de mortalidad por diabetes y enfermedades hipertensivas,mun,11012,Cuerámaro,Hombres,2020,12.51152377189517
11,Porcentaje de población en situación de pobreza,mun,11012,Cuerámaro,Total,2020,51.8302713224
45,Porcentaje de población con carencia por acceso a los servicios de salud,mun,11012,Cuerámaro,Mujeres,2020,23.131908
52,Camas censables por cada 100 mil habitantes,mun,11012,Cuerámaro,Total,2020,0.0
36,Mortalidad por diabetes mellitus por cada 100 mil habitantes,mun,11012,Cuerámaro,Mujeres,2021,157.805292546735
1055,Tasa de mortalidad por diabetes y enfermedades hipertensivas,mun,11012,Cuerámaro,Mujeres,2022,15.527950310559
45,Porcentaje de población con carencia por acceso a los servicios de salud,mun,11012,Cuerámaro,Total,2020,25.47234268
1055,Tasa de mortalidad por diabetes y enfermedades hipertensivas,mun,11012,Cuerámaro,Total,2023,13.96266504780695
1055,Tasa de mortalidad por diabetes y enfermedades hipertensivas,mun,11012,Cuerámaro,Hombres,2022,10.86887027683652
1055,Tasa de mortalidad por diabetes y enfermedades hipertensivas,mun,11012,Cuerámaro,Hombres,2021,11.68755275631452
52,Camas censables por cada 100 mil habitantes,mun,11012,Cuerámaro,Total,2021,0.0
1055,Tasa de mortalidad por diabetes y enfermedades hipertensivas,mun,11012,Cuerámaro,Mujeres,2020,20.33898305084746
583,Índice de marginación,mun,11012,Cuerámaro,Total,2020,56.2000969935609
36,Mortalidad por diabetes mellitus por cada 100 mil habitantes,mun,11012,Cuerámaro,Total,2022,104.98687664042
13,Índice de rezago social,mun,11012,Cuerámaro,Total,2020,-0.63918
1055,Tasa de mortalidad por diabetes y enfermedades hipertensivas,mun,11012,Cuerámaro,Total,2021,15.6852903347241
36,Mortalidad por diabetes mellitus por cada 100 mil habitantes,mun,11012,Cuerámaro,Mujeres,2023,111.535074845905
11,Porcentaje de población en situación de pobreza,mun,11012,Cuerámaro,Mujeres,2020,52.386365
52,Camas censables por cada 100 mil habitantes,mun,11013,Doctor Mora,Total,2022,0.0
51,Enfermeras en instituciones públicas de salud por cada 100 mil habitantes,mun,11013,Doctor Mora,Total,2022,104.777870913663
51,Enfermeras en instituciones públicas de salud por cada 100 mil habitantes,mun,11013,Doctor Mora,Total,2021,99.0449239476477
51,Enfermeras en instituciones públicas de salud por cada 100 mil habitantes,mun,11013,Doctor Mora,Total,2023,89.5101043136985
1055,Tasa de mortalidad por diabetes y enfermedades hipertensivas,mun,11013,Doctor Mora,Hombres,2023,4.98468988107954
1055,Tasa de mortalidad por diabetes y enfermedades hipertensivas,mun,11013,Doctor Mora,Mujeres,2023,11.996800853105835
52,Camas censables por cada 100 mil habitantes,mun,11013,Doctor Mora,Total,2023,0.0
52,Camas censables por cada 100 mil habitantes,mun,11013,Doctor Mora,Total,2020,0.0
45,Porcentaje de población con carencia por acceso a los servicios de salud,mun,11013,Doctor Mora,Hombres,2020,25.166407
36,Mortalidad por diabetes mellitus por cada 100 mil habitantes,mun,11013,Doctor Mora,Total,2023,75.7393190346679
36,Mortalidad por diabetes mellitus por cada 100 mil habitantes,mun,11013,Doctor Mora,Total,2020,71.55635062611809
11,Porcentaje de población en situación de pobreza,mun,11013,Doctor Mora,Total,2020,39.3661003641
1055,Tasa de mortalidad por diabetes y enfermedades hipertensivas,mun,11013,Doctor Mora,Hombres,2020,8.180263255744775
1055,Tasa de mortalidad por diabetes y enfermedades hipertensivas,mun,11013,Doctor Mora,Total,2022,8.032970103380833
11,Porcentaje de población en situación de pobreza,mun,11013,Doctor Mora,Hombres,2020,39.452433
36,Mortalidad por diabetes mellitus por cada 100 mil habitantes,mun,11013,Doctor Mora,Mujeres,2021,123.448323160277
1055,Tasa de mortalidad por diabetes y enfermedades hipertensivas,mun,11013,Doctor Mora,Total,2020,7.871198568872988
36,Mortalidad por diabetes mellitus por cada 100 mil habitantes,mun,11013,Doctor Mora,Mujeres,2020,68.9512514652141
36,Mortalidad por diabetes mellitus por cada 100 mil habitantes,mun,11013,Doctor Mora,Total,2021,99.04492394764769
45,Porcentaje de población con carencia por acceso a los servicios de salud,mun,11013,Doctor Mora,Mujeres,2020,21.33344
51,Enfermeras en instituciones públicas de salud por cada 100 mil habitantes,mun,11013,Doctor Mora,Total,2020,114.490161001789
1055,Tasa de mortalidad por diabetes y enfermedades hipertensivas,mun,11013,Doctor Mora,Mujeres,2022,8.117981328642944
1055,Tasa de mortalidad por diabetes y enfermedades hipertensivas,mun,11013,Doctor Mora,Hombres,2022,7.942238267148015
1055,Tasa de mortalidad por diabetes y enfermedades hipertensivas,mun,11013,Doctor Mora,Mujeres,2021,12.34483231602771
583,Índice de marginación,mun,11013,Doctor Mora,Total,2020,55.5459682282103
1055,Tasa de mortalidad por diabetes y enfermedades hipertensivas,mun,11013,Doctor Mora,Mujeres,2020,7.58463766117355
1055,Tasa de mortalidad por diabetes y enfermedades hipertensivas,mun,11013,Doctor Mora,Total,2021,9.904492394764768
45,Porcentaje de población con carencia por acceso a los servicios de salud,mun,11013,Doctor Mora,Total,2020,23.20127301
52,Camas censables por cada 100 mil habitantes,mun,11013,Doctor Mora,Total,2021,0.0
1055,Tasa de mortalidad por diabetes y enfermedades hipertensivas,mun,11013,Doctor Mora,Total,2023,8.606740799394085
11,Porcentaje de población en situación de pobreza,mun,11013,Doctor Mora,Mujeres,2020,39.284042
13,Índice de rezago social,mun,11013,Doctor Mora,Total,2020,-0.545608
1055,Tasa de mortalidad por diabetes y enfermedades hipertensivas,mun,11013,Doctor Mora,Hombres,2021,7.305135510263716
36,Mortalidad por diabetes mellitus por cada 100 mil habitantes,mun,11013,Doctor Mora,Mujeres,2023,99.9733404425487
52,Camas censables por cada 100 mil habitantes,mun,11014,Dolores Hidalgo,Total,2023,34.84401495969708
36,Mortalidad por diabetes mellitus por cada 100 mil habitantes,mun,11013,Doctor Mora,Mujeres,2022,74.4148288458937
1055,Tasa de mortalidad por diabetes y enfermedades hipertensivas,mun,11014,Dolores Hidalgo,Hombres,2023,8.69671729544341
36,Mortalidad por diabetes mellitus por cada 100 mil habitantes,mun,11014,Dolores Hidalgo,Total,2020,104.338805592077
36,Mortalidad por diabetes mellitus por cada 100 mil habitantes,mun,11014,Dolores Hidalgo,Total,2023,85.3678366512579
52,Camas censables por cada 100 mil habitantes,mun,11014,Dolores Hidalgo,Total,2022,35.33277586064754
52,Camas censables por cada 100 mil habitantes,mun,11014,Dolores Hidalgo,Total,2020,36.18686899147196
1055,Tasa de mortalidad por diabetes y enfermedades hipertensivas,mun,11014,Dolores Hidalgo,Total,2022,10.89427255703299
1055,Tasa de mortalidad por diabetes y enfermedades hipertensivas,mun,11014,Dolores Hidalgo,Hombres,2020,12.39537409750176
1055,Tasa de mortalidad por diabetes y enfermedades hipertensivas,mun,11014,Dolores Hidalgo,Total,2020,11.70042097390927
51,Enfermeras en instituciones públicas de salud por cada 100 mil habitantes,mun,11014,Dolores Hidalgo,Total,2021,152.653548002385
36,Mortalidad por diabetes mellitus por cada 100 mil habitantes,mun,11014,Dolores Hidalgo,Mujeres,2021,115.853797051407
11,Porcentaje de población en situación de pobreza,mun,11014,Dolores Hidalgo,Hombres,2020,52.097082
51,Enfermeras en instituciones públicas de salud por cada 100 mil habitantes,mun,11014,Dolores Hidalgo,Total,2022,149.575417810075
36,Mortalidad por diabetes mellitus por cada 100 mil habitantes,mun,11014,Dolores Hidalgo,Hombres,2023,80.8427241548261
45,Porcentaje de población con carencia por acceso a los servicios de salud,mun,11014,Dolores Hidalgo,Hombres,2020,40.893621
1055,Tasa de mortalidad por diabetes y enfermedades hipertensivas,mun,11014,Dolores Hidalgo,Mujeres,2023,9.607314810724857
36,Mortalidad por diabetes mellitus por cada 100 mil habitantes,mun,11014,Dolores Hidalgo,Mujeres,2020,97.0862697170792
1055,Tasa de mortalidad por diabetes y enfermedades hipertensivas,mun,11014,Dolores Hidalgo,Mujeres,2021,13.28911201472025
51,Enfermeras en instituciones públicas de salud por cada 100 mil habitantes,mun,11014,Dolores Hidalgo,Total,2023,155.055866570652
45,Porcentaje de población con carencia por acceso a los servicios de salud,mun,11014,Dolores Hidalgo,Mujeres,2020,34.818844
45,Porcentaje de población con carencia por acceso a los servicios de salud,mun,11014,Dolores Hidalgo,Total,2020,37.77985054
52,Camas censables por cada 100 mil habitantes,mun,11014,Dolores Hidalgo,Total,2021,35.77817531305903
51,Enfermeras en instituciones públicas de salud por cada 100 mil habitantes,mun,11014,Dolores Hidalgo,Total,2020,159.825338045668
1055,Tasa de mortalidad por diabetes y enfermedades hipertensivas,mun,11014,Dolores Hidalgo,Total,2023,9.175590606053566
583,Índice de marginación,mun,11014,Dolores Hidalgo,Total,2020,55.0125571352096
11,Porcentaje de población en situación de pobreza,mun,11014,Dolores Hidalgo,Mujeres,2020,53.971175
1055,Tasa de mortalidad por diabetes y enfermedades hipertensivas,mun,11014,Dolores Hidalgo,Mujeres,2022,11.20498397687291
1055,Tasa de mortalidad por diabetes y enfermedades hipertensivas,mun,11014,Dolores Hidalgo,Mujeres,2020,11.07925666183139
1055,Tasa de mortalidad por diabetes y enfermedades hipertensivas,mun,11014,Dolores Hidalgo,Hombres,2022,10.55009433025519
36,Mortalidad por diabetes mellitus por cada 100 mil habitantes,mun,11014,Dolores Hidalgo,Total,2022,91.27633764000609
1055,Tasa de mortalidad por diabetes y enfermedades hipertensivas,mun,11014,Dolores Hidalgo,Hombres,2021,11.2983002334982
1055,Tasa de mortalidad por diabetes y enfermedades hipertensivas,mun,11014,Dolores Hidalgo,Total,2021,12.34347048300537
13,Índice de rezago social,mun,11014,Dolores Hidalgo,Total,2020,-0.432231
11,Porcentaje de población en situación de pobreza,mun,11014,Dolores Hidalgo,Total,2020,53.0576928935
36,Mortalidad por diabetes mellitus por cada 100 mil habitantes,mun,11014,Dolores Hidalgo,Mujeres,2022,91.88086861035791
1055,Tasa de mortalidad por diabetes y enfermedades hipertensivas,mun,11015,Guanajuato,Hombres,2023,9.390429839352969
36,Mortalidad por diabetes mellitus por cada 100 mil habitantes,mun,11015,Guanajuato,Total,2021,97.35583557904141
52,Camas censables por cada 100 mil habitantes,mun,11015,Guanajuato,Total,2022,66.60602535999563
1055,Tasa de mortalidad por diabetes y enfermedades hipertensivas,mun,11015,Guanajuato,Hombres,2020,11.05790796899613
1055,Tasa de mortalidad por diabetes y enfermedades hipertensivas,mun,11015,Guanajuato,Total,2020,10.72738772928526
36,Mortalidad por diabetes mellitus por cada 100 mil habitantes,mun,11015,Guanajuato,Mujeres,2020,87.4555352475286
52,Camas censables por cada 100 mil habitantes,mun,11015,Guanajuato,Total,2023,67.35562788228006
52,Camas censables por cada 100 mil habitantes,mun,11015,Guanajuato,Total,2020,67.80518659076533
45,Porcentaje de población con carencia por acceso a los servicios de salud,mun,11015,Guanajuato,Hombres,2020,20.772179
11,Porcentaje de población en situación de pobreza,mun,11015,Guanajuato,Hombres,2020,33.619467
36,Mortalidad por diabetes mellitus por cada 100 mil habitantes,mun,11015,Guanajuato,Total,2020,93.6116382036686
1055,Tasa de mortalidad por diabetes y enfermedades hipertensivas,mun,11015,Guanajuato,Total,2022,10.78619962919332
36,Mortalidad por diabetes mellitus por cada 100 mil habitantes,mun,11015,Guanajuato,Mujeres,2021,102.856471141413
1055,Tasa de mortalidad por diabetes y enfermedades hipertensivas,mun,11015,Guanajuato,Mujeres,2021,12.83256925669057
51,Enfermeras en instituciones públicas de salud por cada 100 mil habitantes,mun,11015,Guanajuato,Total,2023,234.02393337201
51,Enfermeras en instituciones públicas de salud por cada 100 mil habitantes,mun,11015,Guanajuato,Total,2021,242.887754743588
1055,Tasa de mortalidad por diabetes y enfermedades hipertensivas,mun,11015,Guanajuato,Mujeres,2023,9.77376606203467
51,Enfermeras en instituciones públicas de salud por cada 100 mil habitantes,mun,11015,Guanajuato,Total,2022,242.565226684163
36,Mortalidad por diabetes mellitus por cada 100 mil habitantes,mun,11015,Guanajuato,Mujeres,2023,78.5734134398866
1055,Tasa de mortalidad por diabetes y enfermedades hipertensivas,mun,11015,Guanajuato,Total,2023,9.587114917550814
51,Enfermeras en instituciones públicas de salud por cada 100 mil habitantes,mun,11015,Guanajuato,Total,2020,245.414294750158
11,Porcentaje de población en situación de pobreza,mun,11015,Guanajuato,Mujeres,2020,33.258533
45,Porcentaje de población con carencia por acceso a los servicios de salud,mun,11015,Guanajuato,Mujeres,2020,17.307603
52,Camas censables por cada 100 mil habitantes,mun,11015,Guanajuato,Total,2021,67.24578333810075
583,Índice de marginación,mun,11015,Guanajuato,Total,2020,58.5616972804428
11,Porcentaje de población en situación de pobreza,mun,11015,Guanajuato,Total,2020,33.4334983247
1055,Tasa de mortalidad por diabetes y enfermedades hipertensivas,mun,11015,Guanajuato,Mujeres,2020,10.41605251262701
13,Índice de rezago social,mun,11015,Guanajuato,Total,2020,-1.030786
1055,Tasa de mortalidad por diabetes y enfermedades hipertensivas,mun,11015,Guanajuato,Hombres,2022,12.34416763583685
1055,Tasa de mortalidad por diabetes y enfermedades hipertensivas,mun,11015,Guanajuato,Mujeres,2022,9.30584232413412
1055,Tasa de mortalidad por diabetes y enfermedades hipertensivas,mun,11015,Guanajuato,Total,2021,12.14438773717939
1055,Tasa de mortalidad por diabetes y enfermedades hipertensivas,mun,11015,Guanajuato,Hombres,2021,11.42151566599784
36,Mortalidad por diabetes mellitus por cada 100 mil habitantes,mun,11015,Guanajuato,Mujeres,2022,70.7631760064365
36,Mortalidad por diabetes mellitus por cada 100 mil habitantes,mun,11015,Guanajuato,Total,2022,90.46490011581501
1055,Tasa de mortalidad por diabetes y enfermedades hipertensivas,mun,11016,Huanímaro,Hombres,2023,14.864730948369834
45,Porcentaje de población con carencia por acceso a los servicios de salud,mun,11015,Guanajuato,Total,2020,18.98708025
1055,Tasa de mortalidad por diabetes y enfermedades hipertensivas,mun,11016,Huanímaro,Total,2022,19.76005645730417
11,Porcentaje de población en situación de pobreza,mun,11016,Huanímaro,Hombres,2020,49.015555
52,Camas censables por cada 100 mil habitantes,mun,11016,Huanímaro,Total,2023,37.66655680587598
1055,Tasa de mortalidad por diabetes y enfermedades hipertensivas,mun,11016,Huanímaro,Total,2020,15.44148612605868
51,Enfermeras en instituciones públicas de salud por cada 100 mil habitantes,mun,11016,Huanímaro,Total,2023,178.916144827911
51,Enfermeras en instituciones públicas de salud por cada 100 mil habitantes,mun,11016,Huanímaro,Total,2022,197.600564573042
1055,Tasa de mortalidad por diabetes y enfermedades hipertensivas,mun,11016,Huanímaro,Hombres,2020,19.72970306796883
36,Mortalidad por diabetes mellitus por cada 100 mil habitantes,mun,11016,Huanímaro,Mujeres,2020,115.720135303543
45,Porcentaje de población con carencia por acceso a los servicios de salud,mun,11016,Huanímaro,Hombres,2020,14.651483
36,Mortalidad por diabetes mellitus por cada 100 mil habitantes,mun,11016,Huanímaro,Total,2021,234.785875281743
52,Camas censables por cada 100 mil habitantes,mun,11016,Huanímaro,Total,2020,37.43390576014225
36,Mortalidad por diabetes mellitus por cada 100 mil habitantes,mun,11016,Huanímaro,Total,2020,140.377146600533
36,Mortalidad por diabetes mellitus por cada 100 mil habitantes,mun,11016,Huanímaro,Total,2023,127.124629219831
1055,Tasa de mortalidad por diabetes y enfermedades hipertensivas,mun,11016,Huanímaro,Mujeres,2021,34.01056117425937
52,Camas censables por cada 100 mil habitantes,mun,11016,Huanímaro,Total,2022,37.63820277581745
45,Porcentaje de población con carencia por acceso a los servicios de salud,mun,11016,Huanímaro,Mujeres,2020,12.149284
51,Enfermeras en instituciones públicas de salud por cada 100 mil habitantes,mun,11016,Huanímaro,Total,2020,182.490290580693
52,Camas censables por cada 100 mil habitantes,mun,11016,Huanímaro,Total,2021,37.56574004507889
1055,Tasa de mortalidad por diabetes y enfermedades hipertensivas,mun,11016,Huanímaro,Hombres,2021,23.7083868418453
583,Índice de marginación,mun,11016,Huanímaro,Total,2020,56.1618594066586
51,Enfermeras en instituciones públicas de salud por cada 100 mil habitantes,mun,11016,Huanímaro,Total,2021,187.828700225394
1055,Tasa de mortalidad por diabetes y enfermedades hipertensivas,mun,11016,Huanímaro,Total,2023,16.008286642497293
11,Porcentaje de población en situación de pobreza,mun,11016,Huanímaro,Mujeres,2020,49.796073
1055,Tasa de mortalidad por diabetes y enfermedades hipertensivas,mun,11016,Huanímaro,Hombres,2022,15.84315278740469
1055,Tasa de mortalidad por diabetes y enfermedades hipertensivas,mun,11016,Huanímaro,Mujeres,2023,17.04341585934697
1055,Tasa de mortalidad por diabetes y enfermedades hipertensivas,mun,11016,Huanímaro,Total,2021,29.11344853493614
11,Porcentaje de población en situación de pobreza,mun,11016,Huanímaro,Total,2020,49.4217310454
1055,Tasa de mortalidad por diabetes y enfermedades hipertensivas,mun,11016,Huanímaro,Mujeres,2020,11.57201353035428
36,Mortalidad por diabetes mellitus por cada 100 mil habitantes,mun,11016,Huanímaro,Mujeres,2022,197.20329867336
13,Índice de rezago social,mun,11016,Huanímaro,Total,2020,-0.671679
1055,Tasa de mortalidad por diabetes y enfermedades hipertensivas,mun,11016,Huanímaro,Mujeres,2022,23.30584438866978
45,Porcentaje de población con carencia por acceso a los servicios de salud,mun,11016,Huanímaro,Total,2020,13.34935639
51,Enfermeras en instituciones públicas de salud por cada 100 mil habitantes,mun,11017,Irapuato,Total,2023,224.888660472135
51,Enfermeras en instituciones públicas de salud por cada 100 mil habitantes,mun,11017,Irapuato,Total,2022,223.377547591278
51,Enfermeras en instituciones públicas de salud por cada 100 mil habitantes,mun,11017,Irapuato,Total,2021,218.219507631888
51,Enfermeras en instituciones públicas de salud por cada 100 mil habitantes,mun,11017,Irapuato,Total,2020,214.727444062005
52,Camas censables por cada 100 mil habitantes,mun,11017,Irapuato,Total,2020,66.31288713679568
11,Porcentaje de población en situación de pobreza,mun,11017,Irapuato,Hombres,2020,35.708515
1055,Tasa de mortalidad por diabetes y enfermedades hipertensivas,mun,11017,Irapuato,Total,2022,11.26771700239192
45,Porcentaje de población con carencia por acceso a los servicios de salud,mun,11017,Irapuato,Mujeres,2020,23.896812
36,Mortalidad por diabetes mellitus por cada 100 mil habitantes,mun,11017,Irapuato,Total,2021,124.010934154995
36,Mortalidad por diabetes mellitus por cada 100 mil habitantes,mun,11017,Irapuato,Mujeres,2020,110.262240908273
36,Mortalidad por diabetes mellitus por cada 100 mil habitantes,mun,11017,Irapuato,Total,2023,101.150794884847
45,Porcentaje de población con carencia por acceso a los servicios de salud,mun,11017,Irapuato,Hombres,2020,26.414574
1055,Tasa de mortalidad por diabetes y enfermedades hipertensivas,mun,11017,Irapuato,Hombres,2023,11.195761076406868
1055,Tasa de mortalidad por diabetes y enfermedades hipertensivas,mun,11017,Irapuato,Hombres,2020,14.49040390734248
52,Camas censables por cada 100 mil habitantes,mun,11017,Irapuato,Total,2023,68.57958423422465
1055,Tasa de mortalidad por diabetes y enfermedades hipertensivas,mun,11017,Irapuato,Total,2020,13.81102987736271
36,Mortalidad por diabetes mellitus por cada 100 mil habitantes,mun,11017,Irapuato,Mujeres,2021,119.162568098663
1055,Tasa de mortalidad por diabetes y enfermedades hipertensivas,mun,11017,Irapuato,Total,2021,14.50381553001015
1055,Tasa de mortalidad por diabetes y enfermedades hipertensivas,mun,11017,Irapuato,Total,2023,11.980967937816812
1055,Tasa de mortalidad por diabetes y enfermedades hipertensivas,mun,11017,Irapuato,Hombres,2021,14.67800134548346
52,Camas censables por cada 100 mil habitantes,mun,11017,Irapuato,Total,2021,57.45232864056532
36,Mortalidad por diabetes mellitus por cada 100 mil habitantes,mun,11017,Irapuato,Mujeres,2023,104.294576363085
52,Camas censables por cada 100 mil habitantes,mun,11017,Irapuato,Total,2022,68.36407245603284
11,Porcentaje de población en situación de pobreza,mun,11017,Irapuato,Mujeres,2020,35.318638
1055,Tasa de mortalidad por diabetes y enfermedades hipertensivas,mun,11017,Irapuato,Mujeres,2021,14.33826022650576
583,Índice de marginación,mun,11017,Irapuato,Total,2020,58.7609194025885
1055,Tasa de mortalidad por diabetes y enfermedades hipertensivas,mun,11017,Irapuato,Mujeres,2023,12.72585197824804
11,Porcentaje de población en situación de pobreza,mun,11017,Irapuato,Total,2020,35.5083892839
1055,Tasa de mortalidad por diabetes y enfermedades hipertensivas,mun,11017,Irapuato,Mujeres,2020,13.15294387095719
1055,Tasa de mortalidad por diabetes y enfermedades hipertensivas,mun,11017,Irapuato,Mujeres,2022,11.17411714841668
45,Porcentaje de población con carencia por acceso a los servicios de salud,mun,11017,Irapuato,Total,2020,25.12219342
36,Mortalidad por diabetes mellitus por cada 100 mil habitantes,mun,11017,Irapuato,Mujeres,2022,94.0809288645427
13,Índice de rezago social,mun,11017,Irapuato,Total,2020,-1.038608
1055,Tasa de mortalidad por diabetes y enfermedades hipertensivas,mun,11017,Irapuato,Hombres,2022,11.36632725550556
36,Mortalidad por diabetes mellitus por cada 100 mil habitantes,mun,11017,Irapuato,Total,2022,97.192295780866
1055,Tasa de mortalidad por diabetes y enfermedades hipertensivas,mun,11018,Jaral del Progreso,Hombres,2023,11.235381236913335
52,Camas censables por cada 100 mil habitantes,mun,11018,Jaral del Progreso,Total,2020,50.88929034884608
11,Porcentaje de población en situación de pobreza,mun,11018,Jaral del Progreso,Hombres,2020,54.655209
45,Porcentaje de población con carencia por acceso a los servicios de salud,mun,11018,Jaral del Progreso,Hombres,2020,18.655965
51,Enfermeras en instituciones públicas de salud por cada 100 mil habitantes,mun,11018,Jaral del Progreso,Total,2021,276.762136908389
51,Enfermeras en instituciones públicas de salud por cada 100 mil habitantes,mun,11018,Jaral del Progreso,Total,2022,250.563134317026
36,Mortalidad por diabetes mellitus por cada 100 mil habitantes,mun,11018,Jaral del Progreso,Mujeres,2021,185.472956037897
52,Camas censables por cada 100 mil habitantes,mun,11018,Jaral del Progreso,Total,2023,50.37656482204479
1055,Tasa de mortalidad por diabetes y enfermedades hipertensivas,mun,11018,Jaral del Progreso,Total,2022,12.65470375338513
1055,Tasa de mortalidad por diabetes y enfermedades hipertensivas,mun,11018,Jaral del Progreso,Total,2020,17.5568051703519
45,Porcentaje de población con carencia por acceso a los servicios de salud,mun,11018,Jaral del Progreso,Mujeres,2020,13.239172
36,Mortalidad por diabetes mellitus por cada 100 mil habitantes,mun,11018,Jaral del Progreso,Mujeres,2020,143.920595533499
1055,Tasa de mortalidad por diabetes y enfermedades hipertensivas,mun,11018,Jaral del Progreso,Total,2023,12.594141205511196
1055,Tasa de mortalidad por diabetes y enfermedades hipertensivas,mun,11018,Jaral del Progreso,Hombres,2020,17.75364210746175
11,Porcentaje de población en situación de pobreza,mun,11018,Jaral del Progreso,Mujeres,2020,55.291084
52,Camas censables por cada 100 mil habitantes,mun,11018,Jaral del Progreso,Total,2021,50.78204346942921
1055,Tasa de mortalidad por diabetes y enfermedades hipertensivas,mun,11018,Jaral del Progreso,Total,2021,17.26589477960593
1055,Tasa de mortalidad por diabetes y enfermedades hipertensivas,mun,11018,Jaral del Progreso,Hombres,2021,12.34885515821971
36,Mortalidad por diabetes mellitus por cada 100 mil habitantes,mun,11018,Jaral del Progreso,Mujeres,2023,114.314115308151
1055,Tasa de mortalidad por diabetes y enfermedades hipertensivas,mun,11018,Jaral del Progreso,Mujeres,2023,13.916500994035786
1055,Tasa de mortalidad por diabetes y enfermedades hipertensivas,mun,11018,Jaral del Progreso,Mujeres,2022,12.4856415122609
51,Enfermeras en instituciones públicas de salud por cada 100 mil habitantes,mun,11018,Jaral del Progreso,Total,2020,264.624309814
45,Porcentaje de población con carencia por acceso a los servicios de salud,mun,11018,Jaral del Progreso,Total,2020,15.95633673
51,Enfermeras en instituciones públicas de salud por cada 100 mil habitantes,mun,11018,Jaral del Progreso,Total,2023,234.251026422508
1055,Tasa de mortalidad por diabetes y enfermedades hipertensivas,mun,11018,Jaral del Progreso,Mujeres,2021,22.05624342072284
583,Índice de marginación,mun,11018,Jaral del Progreso,Total,2020,56.9345416463024
36,Mortalidad por diabetes mellitus por cada 100 mil habitantes,mun,11018,Jaral del Progreso,Total,2022,98.706689276404
1055,Tasa de mortalidad por diabetes y enfermedades hipertensivas,mun,11018,Jaral del Progreso,Mujeres,2020,17.3697270471464
52,Camas censables por cada 100 mil habitantes,mun,11018,Jaral del Progreso,Total,2022,50.61881501354054
11,Porcentaje de población en situación de pobreza,mun,11018,Jaral del Progreso,Total,2020,54.972117575
13,Índice de rezago social,mun,11018,Jaral del Progreso,Total,2020,-0.843632
1055,Tasa de mortalidad por diabetes y enfermedades hipertensivas,mun,11018,Jaral del Progreso,Hombres,2022,12.82840722495895
52,Camas censables por cada 100 mil habitantes,mun,11019,Jerécuaro,Total,2020,35.8701500567944
51,Enfermeras en instituciones públicas de salud por cada 100 mil habitantes,mun,11019,Jerécuaro,Total,2021,207.419226166733
51,Enfermeras en instituciones públicas de salud por cada 100 mil habitantes,mun,11019,Jerécuaro,Total,2023,210.848765739065
45,Porcentaje de población con carencia por acceso a los servicios de salud,mun,11019,Jerécuaro,Hombres,2020,15.537623
1055,Tasa de mortalidad por diabetes y enfermedades hipertensivas,mun,11019,Jerécuaro,Hombres,2023,15.103838892385147
51,Enfermeras en instituciones públicas de salud por cada 100 mil habitantes,mun,11019,Jerécuaro,Total,2022,211.269009228071
1055,Tasa de mortalidad por diabetes y enfermedades hipertensivas,mun,11019,Jerécuaro,Total,2023,15.913114395401108
1055,Tasa de mortalidad por diabetes y enfermedades hipertensivas,mun,11019,Jerécuaro,Total,2020,18.93146808553038
52,Camas censables por cada 100 mil habitantes,mun,11019,Jerécuaro,Total,2023,35.8045073896525
45,Porcentaje de población con carencia por acceso a los servicios de salud,mun,11019,Jerécuaro,Total,2020,13.63573584
36,Mortalidad por diabetes mellitus por cada 100 mil habitantes,mun,11019,Jerécuaro,Total,2020,171.379605826907
36,Mortalidad por diabetes mellitus por cada 100 mil habitantes,mun,11019,Jerécuaro,Mujeres,2021,197.666020450831
36,Mortalidad por diabetes mellitus por cada 100 mil habitantes,mun,11019,Jerécuaro,Total,2021,247.307538891105
36,Mortalidad por diabetes mellitus por cada 100 mil habitantes,mun,11019,Jerécuaro,Total,2023,141.228890259185
1055,Tasa de mortalidad por diabetes y enfermedades hipertensivas,mun,11019,Jerécuaro,Total,2022,22.72138401132083
1055,Tasa de mortalidad por diabetes y enfermedades hipertensivas,mun,11019,Jerécuaro,Hombres,2020,18.35168501835168
36,Mortalidad por diabetes mellitus por cada 100 mil habitantes,mun,11019,Jerécuaro,Mujeres,2020,183.171150543789
45,Porcentaje de población con carencia por acceso a los servicios de salud,mun,11019,Jerécuaro,Mujeres,2020,11.925391
36,Mortalidad por diabetes mellitus por cada 100 mil habitantes,mun,11019,Jerécuaro,Mujeres,2023,143.732506241017
52,Camas censables por cada 100 mil habitantes,mun,11019,Jerécuaro,Total,2021,35.89948145193458
11,Porcentaje de población en situación de pobreza,mun,11019,Jerécuaro,Hombres,2020,58.556378
11,Porcentaje de población en situación de pobreza,mun,11019,Jerécuaro,Mujeres,2020,58.78228
1055,Tasa de mortalidad por diabetes y enfermedades hipertensivas,mun,11019,Jerécuaro,Mujeres,2022,25.41537060921022
1055,Tasa de mortalidad por diabetes y enfermedades hipertensivas,mun,11019,Jerécuaro,Mujeres,2021,22.04736381951572
51,Enfermeras en instituciones públicas de salud por cada 100 mil habitantes,mun,11019,Jerécuaro,Total,2020,199.278611426636
1055,Tasa de mortalidad por diabetes y enfermedades hipertensivas,mun,11019,Jerécuaro,Total,2021,26.72516952532908
1055,Tasa de mortalidad por diabetes y enfermedades hipertensivas,mun,11019,Jerécuaro,Hombres,2021,31.88855788192842
583,Índice de marginación,mun,11019,Jerécuaro,Total,2020,53.9809899283802
1055,Tasa de mortalidad por diabetes y enfermedades hipertensivas,mun,11019,Jerécuaro,Mujeres,2020,19.46193474527762
13,Índice de rezago social,mun,11019,Jerécuaro,Total,2020,-0.247495
36,Mortalidad por diabetes mellitus por cada 100 mil habitantes,mun,11019,Jerécuaro,Mujeres,2022,212.426978226235
52,Camas censables por cada 100 mil habitantes,mun,11019,Jerécuaro,Total,2022,35.87586949155921
1055,Tasa de mortalidad por diabetes y enfermedades hipertensivas,mun,11019,Jerécuaro,Hombres,2022,19.73877619587586
1055,Tasa de mortalidad por diabetes y enfermedades hipertensivas,mun,11019,Jerécuaro,Mujeres,2023,16.64271124895983
11,Porcentaje de población en situación de pobreza,mun,11019,Jerécuaro,Total,2020,58.6753180256
1055,Tasa de mortalidad por diabetes y enfermedades hipertensivas,mun,11020,León,Hombres,2021,10.84233916341834
36,Mortalidad por diabetes mellitus por cada 100 mil habitantes,mun,11020,León,Mujeres,2021,90.6783139410379
52,Camas censables por cada 100 mil habitantes,mun,11020,León,Total,2020,105.1210261455738
1055,Tasa de mortalidad por diabetes y enfermedades hipertensivas,mun,11020,León,Total,2020,12.17851627549698
1055,Tasa de mortalidad por diabetes y enfermedades hipertensivas,mun,11020,León,Hombres,2023,8.818831255269114
36,Mortalidad por diabetes mellitus por cada 100 mil habitantes,mun,11020,León,Total,2020,105.292233028547
52,Camas censables por cada 100 mil habitantes,mun,11020,León,Total,2023,92.66642006767772
45,Porcentaje de población con carencia por acceso a los servicios de salud,mun,11020,León,Mujeres,2020,24.41604
36,Mortalidad por diabetes mellitus por cada 100 mil habitantes,mun,11020,León,Mujeres,2020,95.84617758460871
36,Mortalidad por diabetes mellitus por cada 100 mil habitantes,mun,11020,León,Total,2023,70.0341128601373
1055,Tasa de mortalidad por diabetes y enfermedades hipertensivas,mun,11020,León,Hombres,2020,12.94562029651139
36,Mortalidad por diabetes mellitus por cada 100 mil habitantes,mun,11020,León,Total,2022,79.87678060974461
1055,Tasa de mortalidad por diabetes y enfermedades hipertensivas,mun,11020,León,Total,2022,9.50622688454412
52,Camas censables por cada 100 mil habitantes,mun,11020,León,Total,2021,104.8659491806079
11,Porcentaje de población en situación de pobreza,mun,11020,León,Mujeres,2020,45.668829
1055,Tasa de mortalidad por diabetes y enfermedades hipertensivas,mun,11020,León,Total,2023,8.696724343430192
11,Porcentaje de población en situación de pobreza,mun,11020,León,Hombres,2020,46.108747
36,Mortalidad por diabetes mellitus por cada 100 mil habitantes,mun,11020,León,Mujeres,2023,69.7464111464296
45,Porcentaje de población con carencia por acceso a los servicios de salud,mun,11020,León,Hombres,2020,29.084723
583,Índice de marginación,mun,11020,León,Total,2020,59.0793372109962
1055,Tasa de mortalidad por diabetes y enfermedades hipertensivas,mun,11020,León,Total,2021,10.72902695111274
1055,Tasa de mortalidad por diabetes y enfermedades hipertensivas,mun,11020,León,Mujeres,2021,10.61817403098008
1055,Tasa de mortalidad por diabetes y enfermedades hipertensivas,mun,11020,León,Mujeres,2022,9.347294892858008
45,Porcentaje de población con carencia por acceso a los servicios de salud,mun,11020,León,Total,2020,26.72374925
51,Enfermeras en instituciones públicas de salud por cada 100 mil habitantes,mun,11020,León,Total,2020,349.03376542146
1055,Tasa de mortalidad por diabetes y enfermedades hipertensivas,mun,11020,León,Mujeres,2020,11.43171213259434
51,Enfermeras en instituciones públicas de salud por cada 100 mil habitantes,mun,11020,León,Total,2022,343.815028515899
13,Índice de rezago social,mun,11020,León,Total,2020,-1.054585
51,Enfermeras en instituciones públicas de salud por cada 100 mil habitantes,mun,11020,León,Total,2023,343.375392160892
1055,Tasa de mortalidad por diabetes y enfermedades hipertensivas,mun,11020,León,Hombres,2022,9.66890473483676
52,Camas censables por cada 100 mil habitantes,mun,11020,León,Total,2022,108.0784016188954
51,Enfermeras en instituciones públicas de salud por cada 100 mil habitantes,mun,11020,León,Total,2021,349.6659230205
1055,Tasa de mortalidad por diabetes y enfermedades hipertensivas,mun,11020,León,Mujeres,2023,8.57750894844289
11,Porcentaje de población en situación de pobreza,mun,11020,León,Total,2020,45.8862788678
1055,Tasa de mortalidad por diabetes y enfermedades hipertensivas,mun,11021,Moroleón,Total,2020,14.68120805369128
1055,Tasa de mortalidad por diabetes y enfermedades hipertensivas,mun,11021,Moroleón,Hombres,2021,18.20118973630472
52,Camas censables por cada 100 mil habitantes,mun,11021,Moroleón,Total,2020,77.6006711409396
36,Mortalidad por diabetes mellitus por cada 100 mil habitantes,mun,11021,Moroleón,Total,2023,183.967351081601
11,Porcentaje de población en situación de pobreza,mun,11021,Moroleón,Hombres,2020,46.492549
1055,Tasa de mortalidad por diabetes y enfermedades hipertensivas,mun,11021,Moroleón,Hombres,2020,13.93788928089202
45,Porcentaje de población con carencia por acceso a los servicios de salud,mun,11021,Moroleón,Hombres,2020,18.473689
1055,Tasa de mortalidad por diabetes y enfermedades hipertensivas,mun,11021,Moroleón,Hombres,2023,22.78107830437307
36,Mortalidad por diabetes mellitus por cada 100 mil habitantes,mun,11021,Moroleón,Total,2020,127.936241610738
1055,Tasa de mortalidad por diabetes y enfermedades hipertensivas,mun,11021,Moroleón,Total,2023,19.45401873506587
45,Porcentaje de población con carencia por acceso a los servicios de salud,mun,11021,Moroleón,Mujeres,2020,16.335352
36,Mortalidad por diabetes mellitus por cada 100 mil habitantes,mun,11021,Moroleón,Mujeres,2020,141.580033170179
36,Mortalidad por diabetes mellitus por cada 100 mil habitantes,mun,11021,Moroleón,Mujeres,2021,208.283265240727
52,Camas censables por cada 100 mil habitantes,mun,11021,Moroleón,Total,2023,78.23898839102579
1055,Tasa de mortalidad por diabetes y enfermedades hipertensivas,mun,11021,Moroleón,Total,2022,15.41450230161747
1055,Tasa de mortalidad por diabetes y enfermedades hipertensivas,mun,11021,Moroleón,Mujeres,2021,22.8310502283105
583,Índice de marginación,mun,11021,Moroleón,Total,2020,58.3975353685313
36,Mortalidad por diabetes mellitus por cada 100 mil habitantes,mun,11021,Moroleón,Mujeres,2023,152.585929971089
11,Porcentaje de población en situación de pobreza,mun,11021,Moroleón,Mujeres,2020,47.228494
1055,Tasa de mortalidad por diabetes y enfermedades hipertensivas,mun,11021,Moroleón,Mujeres,2022,16.05007623786213
13,Índice de rezago social,mun,11021,Moroleón,Total,2020,-0.923447
52,Camas censables por cada 100 mil habitantes,mun,11021,Moroleón,Total,2021,77.90785816558578
36,Mortalidad por diabetes mellitus por cada 100 mil habitantes,mun,11021,Moroleón,Total,2021,185.294365366799
52,Camas censables por cada 100 mil habitantes,mun,11021,Moroleón,Total,2022,78.12829933696524
1055,Tasa de mortalidad por diabetes y enfermedades hipertensivas,mun,11021,Moroleón,Total,2021,20.63505432493893
1055,Tasa de mortalidad por diabetes y enfermedades hipertensivas,mun,11021,Moroleón,Mujeres,2020,15.3715464584766
51,Enfermeras en instituciones públicas de salud por cada 100 mil habitantes,mun,11021,Moroleón,Total,2023,268.550041234061
45,Porcentaje de población con carencia por acceso a los servicios de salud,mun,11021,Moroleón,Total,2020,17.35594936
11,Porcentaje de población en situación de pobreza,mun,11021,Moroleón,Total,2020,46.8772382159
36,Mortalidad por diabetes mellitus por cada 100 mil habitantes,mun,11021,Moroleón,Mujeres,2022,140.438167081294
1055,Tasa de mortalidad por diabetes y enfermedades hipertensivas,mun,11021,Moroleón,Hombres,2022,14.70850418969513
1055,Tasa de mortalidad por diabetes y enfermedades hipertensivas,mun,11021,Moroleón,Mujeres,2023,16.463218760038547
51,Enfermeras en instituciones públicas de salud por cada 100 mil habitantes,mun,11021,Moroleón,Total,2022,272.3932598505
51,Enfermeras en instituciones públicas de salud por cada 100 mil habitantes,mun,11021,Moroleón,Total,2021,263.202223532384
51,Enfermeras en instituciones públicas de salud por cada 100 mil habitantes,mun,11021,Moroleón,Total,2020,278.942953020134
45,Porcentaje de población con carencia por acceso a los servicios de salud,mun,11022,Ocampo,Hombres,2020,24.680747
1055,Tasa de mortalidad por diabetes y enfermedades hipertensivas,mun,11022,Ocampo,Total,2023,9.681930648689352
1055,Tasa de mortalidad por diabetes y enfermedades hipertensivas,mun,11022,Ocampo,Hombres,2021,8.378398964125218
11,Porcentaje de población en situación de pobreza,mun,11022,Ocampo,Hombres,2020,51.638914
52,Camas censables por cada 100 mil habitantes,mun,11022,Ocampo,Total,2020,0.0
1055,Tasa de mortalidad por diabetes y enfermedades hipertensivas,mun,11022,Ocampo,Total,2020,10.778665675525
36,Mortalidad por diabetes mellitus por cada 100 mil habitantes,mun,11022,Ocampo,Total,2020,107.78665675525
1055,Tasa de mortalidad por diabetes y enfermedades hipertensivas,mun,11022,Ocampo,Hombres,2020,13.05104408352668
1055,Tasa de mortalidad por diabetes y enfermedades hipertensivas,mun,11022,Ocampo,Hombres,2023,8.918617614269788
52,Camas censables por cada 100 mil habitantes,mun,11022,Ocampo,Total,2023,0.0
1055,Tasa de mortalidad por diabetes y enfermedades hipertensivas,mun,11022,Ocampo,Mujeres,2021,10.66552901023891
36,Mortalidad por diabetes mellitus por cada 100 mil habitantes,mun,11022,Ocampo,Mujeres,2023,90.0776053215078
1055,Tasa de mortalidad por diabetes y enfermedades hipertensivas,mun,11022,Ocampo,Total,2022,7.994476543479051
45,Porcentaje de población con carencia por acceso a los servicios de salud,mun,11022,Ocampo,Mujeres,2020,18.526926
36,Mortalidad por diabetes mellitus por cada 100 mil habitantes,mun,11022,Ocampo,Mujeres,2021,85.32423208191129
36,Mortalidad por diabetes mellitus por cada 100 mil habitantes,mun,11022,Ocampo,Mujeres,2020,83.8862197818958
36,Mortalidad por diabetes mellitus por cada 100 mil habitantes,mun,11022,Ocampo,Total,2022,69.0432065118645
36,Mortalidad por diabetes mellitus por cada 100 mil habitantes,mun,11022,Ocampo,Hombres,2022,52.714812862414306
583,Índice de marginación,mun,11022,Ocampo,Total,2020,54.7694574195741
51,Enfermeras en instituciones públicas de salud por cada 100 mil habitantes,mun,11022,Ocampo,Total,2021,132.387011363218
52,Camas censables por cada 100 mil habitantes,mun,11022,Ocampo,Total,2021,0.0
52,Camas censables por cada 100 mil habitantes,mun,11022,Ocampo,Total,2022,0.0
1055,Tasa de mortalidad por diabetes y enfermedades hipertensivas,mun,11022,Ocampo,Mujeres,2022,9.831460674157304
13,Índice de rezago social,mun,11022,Ocampo,Total,2020,-0.364146
1055,Tasa de mortalidad por diabetes y enfermedades hipertensivas,mun,11022,Ocampo,Hombres,2022,6.024550041418782
1055,Tasa de mortalidad por diabetes y enfermedades hipertensivas,mun,11022,Ocampo,Mujeres,2020,8.388621978189583
11,Porcentaje de población en situación de pobreza,mun,11022,Ocampo,Mujeres,2020,50.974224
51,Enfermeras en instituciones públicas de salud por cada 100 mil habitantes,mun,11022,Ocampo,Total,2023,150.607810090723
45,Porcentaje de población con carencia por acceso a los servicios de salud,mun,11022,Ocampo,Total,2020,21.50771584
51,Enfermeras en instituciones públicas de salud por cada 100 mil habitantes,mun,11022,Ocampo,Total,2022,145.354118972346
36,Mortalidad por diabetes mellitus por cada 100 mil habitantes,mun,11022,Ocampo,Mujeres,2022,84.2696629213483
36,Mortalidad por diabetes mellitus por cada 100 mil habitantes,mun,11022,Ocampo,Total,2021,77.22575662854409
1055,Tasa de mortalidad por diabetes y enfermedades hipertensivas,mun,11022,Ocampo,Total,2021,9.561284154010222
11,Porcentaje de población en situación de pobreza,mun,11022,Ocampo,Total,2020,51.2961871497
51,Enfermeras en instituciones públicas de salud por cada 100 mil habitantes,mun,11022,Ocampo,Total,2020,144.954469429474
1055,Tasa de mortalidad por diabetes y enfermedades hipertensivas,mun,11022,Ocampo,Mujeres,2023,10.393569844789356
11,Porcentaje de población en situación de pobreza,mun,11023,Pénjamo,Hombres,2020,50.316327
52,Camas censables por cada 100 mil habitantes,mun,11023,Pénjamo,Total,2020,26.71517803757935
1055,Tasa de mortalidad por diabetes y enfermedades hipertensivas,mun,11023,Pénjamo,Total,2020,20.1635986616968
52,Camas censables por cada 100 mil habitantes,mun,11023,Pénjamo,Total,2023,26.35790266403088
1055,Tasa de mortalidad por diabetes y enfermedades hipertensivas,mun,11023,Pénjamo,Hombres,2021,19.24130466735258
36,Mortalidad por diabetes mellitus por cada 100 mil habitantes,mun,11023,Pénjamo,Total,2023,126.768960431768
1055,Tasa de mortalidad por diabetes y enfermedades hipertensivas,mun,11023,Pénjamo,Total,2023,14.685117198531488
1055,Tasa de mortalidad por diabetes y enfermedades hipertensivas,mun,11023,Pénjamo,Hombres,2023,14.968870049013114
36,Mortalidad por diabetes mellitus por cada 100 mil habitantes,mun,11023,Pénjamo,Total,2020,178.737262584757
36,Mortalidad por diabetes mellitus por cada 100 mil habitantes,mun,11023,Pénjamo,Mujeres,2020,154.66005474475
45,Porcentaje de población con carencia por acceso a los servicios de salud,mun,11023,Pénjamo,Mujeres,2020,17.711031
1055,Tasa de mortalidad por diabetes y enfermedades hipertensivas,mun,11023,Pénjamo,Hombres,2020,23.23585715228728
36,Mortalidad por diabetes mellitus por cada 100 mil habitantes,mun,11023,Pénjamo,Mujeres,2021,155.659865094784
36,Mortalidad por diabetes mellitus por cada 100 mil habitantes,mun,11023,Pénjamo,Mujeres,2023,116.86840379226
1055,Tasa de mortalidad por diabetes y enfermedades hipertensivas,mun,11023,Pénjamo,Total,2022,15.59126888942192
1055,Tasa de mortalidad por diabetes y enfermedades hipertensivas,mun,11023,Pénjamo,Mujeres,2021,18.46198399961387
51,Enfermeras en instituciones públicas de salud por cada 100 mil habitantes,mun,11023,Pénjamo,Total,2020,216.26572697088
11,Porcentaje de población en situación de pobreza,mun,11023,Pénjamo,Mujeres,2020,51.777291
583,Índice de marginación,mun,11023,Pénjamo,Total,2020,55.2419593139735
36,Mortalidad por diabetes mellitus por cada 100 mil habitantes,mun,11023,Pénjamo,Total,2021,159.150857258801
45,Porcentaje de población con carencia por acceso a los servicios de salud,mun,11023,Pénjamo,Hombres,2020,25.076401
52,Camas censables por cada 100 mil habitantes,mun,11023,Pénjamo,Total,2021,26.63082073653241
51,Enfermeras en instituciones públicas de salud por cada 100 mil habitantes,mun,11023,Pénjamo,Total,2021,213.046565892259
1055,Tasa de mortalidad por diabetes y enfermedades hipertensivas,mun,11023,Pénjamo,Mujeres,2020,17.30719660238864
51,Enfermeras en instituciones públicas de salud por cada 100 mil habitantes,mun,11023,Pénjamo,Total,2023,211.490790423295
51,Enfermeras en instituciones públicas de salud por cada 100 mil habitantes,mun,11023,Pénjamo,Total,2022,205.779500321925
13,Índice de rezago social,mun,11023,Pénjamo,Total,2020,-0.463296
52,Camas censables por cada 100 mil habitantes,mun,11023,Pénjamo,Total,2022,26.51146936662837
1055,Tasa de mortalidad por diabetes y enfermedades hipertensivas,mun,11023,Pénjamo,Mujeres,2022,14.76112184526024
11,Porcentaje de población en situación de pobreza,mun,11023,Pénjamo,Total,2020,51.0809791922
36,Mortalidad por diabetes mellitus por cada 100 mil habitantes,mun,11023,Pénjamo,Mujeres,2022,138.010488797149
1055,Tasa de mortalidad por diabetes y enfermedades hipertensivas,mun,11023,Pénjamo,Hombres,2022,16.5124176043678
1055,Tasa de mortalidad por diabetes y enfermedades hipertensivas,mun,11023,Pénjamo,Total,2021,18.83179466369078
45,Porcentaje de población con carencia por acceso a los servicios de salud,mun,11023,Pénjamo,Total,2020,21.22145004
1055,Tasa de mortalidad por diabetes y enfermedades hipertensivas,mun,11023,Pénjamo,Mujeres,2023,14.429670264146443
52,Camas censables por cada 100 mil habitantes,mun,11024,Pueblo Nuevo,Total,2020,0.0
11,Porcentaje de población en situación de pobreza,mun,11024,Pueblo Nuevo,Hombres,2020,42.512573
1055,Tasa de mortalidad por diabetes y enfermedades hipertensivas,mun,11024,Pueblo Nuevo,Hombres,2023,18.0239226609864
1055,Tasa de mortalidad por diabetes y enfermedades hipertensivas,mun,11024,Pueblo Nuevo,Total,2020,21.44218551461245
52,Camas censables por cada 100 mil habitantes,mun,11024,Pueblo Nuevo,Total,2023,0.0
1055,Tasa de mortalidad por diabetes y enfermedades hipertensivas,mun,11024,Pueblo Nuevo,Total,2023,21.059199750409483
1055,Tasa de mortalidad por diabetes y enfermedades hipertensivas,mun,11024,Pueblo Nuevo,Mujeres,2022,22.49887505624718
1055,Tasa de mortalidad por diabetes y enfermedades hipertensivas,mun,11024,Pueblo Nuevo,Total,2022,26.71695741002672
1055,Tasa de mortalidad por diabetes y enfermedades hipertensivas,mun,11024,Pueblo Nuevo,Hombres,2021,43.1463657484235
36,Mortalidad por diabetes mellitus por cada 100 mil habitantes,mun,11024,Pueblo Nuevo,Mujeres,2020,198.019801980198
583,Índice de marginación,mun,11024,Pueblo Nuevo,Total,2020,55.7310473337048
1055,Tasa de mortalidad por diabetes y enfermedades hipertensivas,mun,11024,Pueblo Nuevo,Hombres,2020,14.93280238924838
11,Porcentaje de población en situación de pobreza,mun,11024,Pueblo Nuevo,Mujeres,2020,44.007114
1055,Tasa de mortalidad por diabetes y enfermedades hipertensivas,mun,11024,Pueblo Nuevo,Mujeres,2021,16.61380456124452
51,Enfermeras en instituciones públicas de salud por cada 100 mil habitantes,mun,11024,Pueblo Nuevo,Total,2022,165.016501650165
45,Porcentaje de población con carencia por acceso a los servicios de salud,mun,11024,Pueblo Nuevo,Mujeres,2020,20.813616
51,Enfermeras en instituciones públicas de salud por cada 100 mil habitantes,mun,11024,Pueblo Nuevo,Total,2021,213.489365066814
13,Índice de rezago social,mun,11024,Pueblo Nuevo,Total,2020,-0.701691
45,Porcentaje de población con carencia por acceso a los servicios de salud,mun,11024,Pueblo Nuevo,Hombres,2020,24.023206
51,Enfermeras en instituciones públicas de salud por cada 100 mil habitantes,mun,11024,Pueblo Nuevo,Total,2020,214.421855146125
52,Camas censables por cada 100 mil habitantes,mun,11024,Pueblo Nuevo,Total,2021,0.0
51,Enfermeras en instituciones públicas de salud por cada 100 mil habitantes,mun,11024,Pueblo Nuevo,Total,2023,179.393183059044
52,Camas censables por cada 100 mil habitantes,mun,11024,Pueblo Nuevo,Total,2022,0.0
1055,Tasa de mortalidad por diabetes y enfermedades hipertensivas,mun,11024,Pueblo Nuevo,Mujeres,2023,23.81661208693064
36,Mortalidad por diabetes mellitus por cada 100 mil habitantes,mun,11024,Pueblo Nuevo,Total,2023,171.593479447781
1055,Tasa de mortalidad por diabetes y enfermedades hipertensivas,mun,11024,Pueblo Nuevo,Total,2021,29.25595002767455
1055,Tasa de mortalidad por diabetes y enfermedades hipertensivas,mun,11024,Pueblo Nuevo,Hombres,2022,31.35830995213732
36,Mortalidad por diabetes mellitus por cada 100 mil habitantes,mun,11024,Pueblo Nuevo,Mujeres,2022,194.990250487476
1055,Tasa de mortalidad por diabetes y enfermedades hipertensivas,mun,11024,Pueblo Nuevo,Mujeres,2020,27.41812642802742
45,Porcentaje de población con carencia por acceso a los servicios de salud,mun,11024,Pueblo Nuevo,Total,2020,22.35593471
11,Porcentaje de población en situación de pobreza,mun,11024,Pueblo Nuevo,Total,2020,43.2889357007
52,Camas censables por cada 100 mil habitantes,mun,11025,Purísima del Rincón,Total,2023,34.32297923459756
36,Mortalidad por diabetes mellitus por cada 100 mil habitantes,mun,11025,Purísima del Rincón,Total,2020,97.45787588798221
45,Porcentaje de población con carencia por acceso a los servicios de salud,mun,11025,Purísima del Rincón,Total,2020,23.86855668
52,Camas censables por cada 100 mil habitantes,mun,11025,Purísima del Rincón,Total,2020,35.22573827276463
1055,Tasa de mortalidad por diabetes y enfermedades hipertensivas,mun,11025,Purísima del Rincón,Hombres,2021,8.6993322674692
11,Porcentaje de población en situación de pobreza,mun,11025,Purísima del Rincón,Hombres,2020,42.709765
1055,Tasa de mortalidad por diabetes y enfermedades hipertensivas,mun,11025,Purísima del Rincón,Total,2020,10.91997886455704
45,Porcentaje de población con carencia por acceso a los servicios de salud,mun,11025,Purísima del Rincón,Hombres,2020,26.756875
36,Mortalidad por diabetes mellitus por cada 100 mil habitantes,mun,11025,Purísima del Rincón,Total,2021,89.7519582245431
1055,Tasa de mortalidad por diabetes y enfermedades hipertensivas,mun,11025,Purísima del Rincón,Total,2022,10.63153637256601
36,Mortalidad por diabetes mellitus por cada 100 mil habitantes,mun,11025,Purísima del Rincón,Mujeres,2021,104.022191400832
36,Mortalidad por diabetes mellitus por cada 100 mil habitantes,mun,11025,Purísima del Rincón,Mujeres,2023,52.1778584392014
1055,Tasa de mortalidad por diabetes y enfermedades hipertensivas,mun,11025,Purísima del Rincón,Hombres,2023,6.924408540103865
1055,Tasa de mortalidad por diabetes y enfermedades hipertensivas,mun,11025,Purísima del Rincón,Total,2023,6.7501859161375215
1055,Tasa de mortalidad por diabetes y enfermedades hipertensivas,mun,11025,Purísima del Rincón,Mujeres,2022,10.53861485944695
1055,Tasa de mortalidad por diabetes y enfermedades hipertensivas,mun,11025,Purísima del Rincón,Hombres,2020,10.21426196018813
36,Mortalidad por diabetes mellitus por cada 100 mil habitantes,mun,11025,Purísima del Rincón,Mujeres,2020,95.20050154410569
51,Enfermeras en instituciones públicas de salud por cada 100 mil habitantes,mun,11025,Purísima del Rincón,Total,2022,177.962674062518
51,Enfermeras en instituciones públicas de salud por cada 100 mil habitantes,mun,11025,Purísima del Rincón,Total,2023,180.767690635547
45,Porcentaje de población con carencia por acceso a los servicios de salud,mun,11025,Purísima del Rincón,Mujeres,2020,20.932152
583,Índice de marginación,mun,11025,Purísima del Rincón,Total,2020,57.4725524094044
51,Enfermeras en instituciones públicas de salud por cada 100 mil habitantes,mun,11025,Purísima del Rincón,Total,2020,167.909352433511
51,Enfermeras en instituciones públicas de salud por cada 100 mil habitantes,mun,11025,Purísima del Rincón,Total,2021,172.510257366654
36,Mortalidad por diabetes mellitus por cada 100 mil habitantes,mun,11025,Purísima del Rincón,Total,2022,87.82573525163231
11,Porcentaje de población en situación de pobreza,mun,11025,Purísima del Rincón,Mujeres,2020,43.012232
52,Camas censables por cada 100 mil habitantes,mun,11025,Purísima del Rincón,Total,2021,33.80268556508766
1055,Tasa de mortalidad por diabetes y enfermedades hipertensivas,mun,11025,Purísima del Rincón,Mujeres,2021,12.48266296809986
52,Camas censables por cada 100 mil habitantes,mun,11025,Purísima del Rincón,Total,2022,33.51245160917548
1055,Tasa de mortalidad por diabetes y enfermedades hipertensivas,mun,11025,Purísima del Rincón,Mujeres,2023,6.578947368421052
1055,Tasa de mortalidad por diabetes y enfermedades hipertensivas,mun,11025,Purísima del Rincón,Total,2021,10.60704960835509
13,Índice de rezago social,mun,11025,Purísima del Rincón,Total,2020,-0.718131
1055,Tasa de mortalidad por diabetes y enfermedades hipertensivas,mun,11025,Purísima del Rincón,Hombres,2022,10.72611108520263
36,Mortalidad por diabetes mellitus por cada 100 mil habitantes,mun,11025,Purísima del Rincón,Mujeres,2022,91.64012921258221
1055,Tasa de mortalidad por diabetes y enfermedades hipertensivas,mun,11025,Purísima del Rincón,Mujeres,2020,11.6098172614763
11,Porcentaje de población en situación de pobreza,mun,11025,Purísima del Rincón,Total,2020,42.8597501131
1055,Tasa de mortalidad por diabetes y enfermedades hipertensivas,mun,11026,Romita,Total,2020,14.03424954090088
52,Camas censables por cada 100 mil habitantes,mun,11026,Romita,Total,2023,17.39281676667536
1055,Tasa de mortalidad por diabetes y enfermedades hipertensivas,mun,11026,Romita,Hombres,2023,11.79036726994046
45,Porcentaje de población con carencia por acceso a los servicios de salud,mun,11026,Romita,Total,2020,12.8319891
36,Mortalidad por diabetes mellitus por cada 100 mil habitantes,mun,11026,Romita,Total,2020,104.510368921602
1055,Tasa de mortalidad por diabetes y enfermedades hipertensivas,mun,11026,Romita,Hombres,2021,15.04619180885318
36,Mortalidad por diabetes mellitus por cada 100 mil habitantes,mun,11026,Romita,Mujeres,2021,87.4151344736152
36,Mortalidad por diabetes mellitus por cada 100 mil habitantes,mun,11026,Romita,Total,2021,111.028867505551
52,Camas censables por cada 100 mil habitantes,mun,11026,Romita,Total,2020,17.91606324370325
1055,Tasa de mortalidad por diabetes y enfermedades hipertensivas,mun,11026,Romita,Total,2022,10.99432692730551
11,Porcentaje de población en situación de pobreza,mun,11026,Romita,Hombres,2020,49.420533
1055,Tasa de mortalidad por diabetes y enfermedades hipertensivas,mun,11026,Romita,Hombres,2020,14.56620034594726
1055,Tasa de mortalidad por diabetes y enfermedades hipertensivas,mun,11026,Romita,Mujeres,2022,13.5556068297185
1055,Tasa de mortalidad por diabetes y enfermedades hipertensivas,mun,11026,Romita,Total,2023,11.595211177783575
45,Porcentaje de población con carencia por acceso a los servicios de salud,mun,11026,Romita,Mujeres,2020,10.213349
36,Mortalidad por diabetes mellitus por cada 100 mil habitantes,mun,11026,Romita,Mujeres,2022,118.2510383018
36,Mortalidad por diabetes mellitus por cada 100 mil habitantes,mun,11026,Romita,Mujeres,2020,94.0457297360842
11,Porcentaje de población en situación de pobreza,mun,11026,Romita,Mujeres,2020,50.391543
1055,Tasa de mortalidad por diabetes y enfermedades hipertensivas,mun,11026,Romita,Mujeres,2021,9.324281010518956
583,Índice de marginación,mun,11026,Romita,Total,2020,56.0025333976943
36,Mortalidad por diabetes mellitus por cada 100 mil habitantes,mun,11026,Romita,Mujeres,2023,91.2512832211703
45,Porcentaje de población con carencia por acceso a los servicios de salud,mun,11026,Romita,Hombres,2020,15.475344
36,Mortalidad por diabetes mellitus por cada 100 mil habitantes,mun,11026,Romita,Total,2022,96.7500769602885
52,Camas censables por cada 100 mil habitantes,mun,11026,Romita,Total,2021,17.76461880088823
52,Camas censables por cada 100 mil habitantes,mun,11026,Romita,Total,2022,17.59092308368882
36,Mortalidad por diabetes mellitus por cada 100 mil habitantes,mun,11026,Romita,Total,2023,95.6604922167145
13,Índice de rezago social,mun,11026,Romita,Total,2020,-0.57924
1055,Tasa de mortalidad por diabetes y enfermedades hipertensivas,mun,11026,Romita,Mujeres,2023,11.406410402646284
51,Enfermeras en instituciones públicas de salud por cada 100 mil habitantes,mun,11026,Romita,Total,2020,144.821511219935
51,Enfermeras en instituciones públicas de salud por cada 100 mil habitantes,mun,11026,Romita,Total,2022,143.659205183459
1055,Tasa de mortalidad por diabetes y enfermedades hipertensivas,mun,11026,Romita,Total,2021,12.13915618060696
1055,Tasa de mortalidad por diabetes y enfermedades hipertensivas,mun,11026,Romita,Hombres,2022,8.346996571769266
51,Enfermeras en instituciones públicas de salud por cada 100 mil habitantes,mun,11026,Romita,Total,2023,147.838942516741
11,Porcentaje de población en situación de pobreza,mun,11026,Romita,Total,2020,49.9083178826
1055,Tasa de mortalidad por diabetes y enfermedades hipertensivas,mun,11026,Romita,Mujeres,2020,13.5190736495621
51,Enfermeras en instituciones públicas de salud por cada 100 mil habitantes,mun,11026,Romita,Total,2021,148.038490007402
1055,Tasa de mortalidad por diabetes y enfermedades hipertensivas,mun,11027,Salamanca,Hombres,2021,17.03221179704775
36,Mortalidad por diabetes mellitus por cada 100 mil habitantes,mun,11027,Salamanca,Mujeres,2021,131.362659286005
52,Camas censables por cada 100 mil habitantes,mun,11027,Salamanca,Total,2023,63.79169113223003
45,Porcentaje de población con carencia por acceso a los servicios de salud,mun,11027,Salamanca,Total,2020,21.05067762
52,Camas censables por cada 100 mil habitantes,mun,11027,Salamanca,Total,2020,54.8887059265358
11,Porcentaje de población en situación de pobreza,mun,11027,Salamanca,Hombres,2020,37.369252
1055,Tasa de mortalidad por diabetes y enfermedades hipertensivas,mun,11027,Salamanca,Total,2020,18.9221591483584
52,Camas censables por cada 100 mil habitantes,mun,11027,Salamanca,Total,2021,62.99372234973825
1055,Tasa de mortalidad por diabetes y enfermedades hipertensivas,mun,11027,Salamanca,Total,2023,13.591979644651284
45,Porcentaje de población con carencia por acceso a los servicios de salud,mun,11027,Salamanca,Hombres,2020,22.620186
1055,Tasa de mortalidad por diabetes y enfermedades hipertensivas,mun,11027,Salamanca,Total,2022,14.71723692938989
1055,Tasa de mortalidad por diabetes y enfermedades hipertensivas,mun,11027,Salamanca,Hombres,2020,18.90879854685138
45,Porcentaje de población con carencia por acceso a los servicios de salud,mun,11027,Salamanca,Mujeres,2020,19.519519
51,Enfermeras en instituciones públicas de salud por cada 100 mil habitantes,mun,11027,Salamanca,Total,2023,302.648080087569
1055,Tasa de mortalidad por diabetes y enfermedades hipertensivas,mun,11027,Salamanca,Mujeres,2022,15.24572311799628
51,Enfermeras en instituciones públicas de salud por cada 100 mil habitantes,mun,11027,Salamanca,Total,2022,296.519699710368
583,Índice de marginación,mun,11027,Salamanca,Total,2020,58.3158092065983
51,Enfermeras en instituciones públicas de salud por cada 100 mil habitantes,mun,11027,Salamanca,Total,2020,276.249079169736
36,Mortalidad por diabetes mellitus por cada 100 mil habitantes,mun,11027,Salamanca,Mujeres,2020,151.477962060381
11,Porcentaje de población en situación de pobreza,mun,11027,Salamanca,Mujeres,2020,36.805922
1055,Tasa de mortalidad por diabetes y enfermedades hipertensivas,mun,11027,Salamanca,Mujeres,2021,15.80566756115037
36,Mortalidad por diabetes mellitus por cada 100 mil habitantes,mun,11027,Salamanca,Mujeres,2023,125.659007785242
36,Mortalidad por diabetes mellitus por cada 100 mil habitantes,mun,11027,Salamanca,Total,2021,136.124365537365
1055,Tasa de mortalidad por diabetes y enfermedades hipertensivas,mun,11027,Salamanca,Hombres,2023,12.36427399231167
13,Índice de rezago social,mun,11027,Salamanca,Total,2020,-1.056396
51,Enfermeras en instituciones públicas de salud por cada 100 mil habitantes,mun,11027,Salamanca,Total,2021,278.403290154878
52,Camas censables por cada 100 mil habitantes,mun,11027,Salamanca,Total,2022,63.07387255452809
1055,Tasa de mortalidad por diabetes y enfermedades hipertensivas,mun,11027,Salamanca,Hombres,2022,14.15391067309708
1055,Tasa de mortalidad por diabetes y enfermedades hipertensivas,mun,11027,Salamanca,Mujeres,2020,18.9347452575476
1055,Tasa de mortalidad por diabetes y enfermedades hipertensivas,mun,11027,Salamanca,Mujeres,2023,14.74211823178822
36,Mortalidad por diabetes mellitus por cada 100 mil habitantes,mun,11027,Salamanca,Total,2022,117.810394139205
1055,Tasa de mortalidad por diabetes y enfermedades hipertensivas,mun,11027,Salamanca,Total,2021,16.40008978415599
11,Porcentaje de población en situación de pobreza,mun,11027,Salamanca,Total,2020,37.0841033594
52,Camas censables por cada 100 mil habitantes,mun,11028,Salvatierra,Total,2023,72.22977566281442
1055,Tasa de mortalidad por diabetes y enfermedades hipertensivas,mun,11028,Salvatierra,Mujeres,2022,23.31658291457286
1055,Tasa de mortalidad por diabetes y enfermedades hipertensivas,mun,11028,Salvatierra,Hombres,2023,23.16845491148751
51,Enfermeras en instituciones públicas de salud por cada 100 mil habitantes,mun,11028,Salvatierra,Total,2022,284.235533684032
36,Mortalidad por diabetes mellitus por cada 100 mil habitantes,mun,11028,Salvatierra,Mujeres,2021,246.72042363702
45,Porcentaje de población con carencia por acceso a los servicios de salud,mun,11028,Salvatierra,Total,2020,21.62396027
51,Enfermeras en instituciones públicas de salud por cada 100 mil habitantes,mun,11028,Salvatierra,Total,2023,283.608089734874
1055,Tasa de mortalidad por diabetes y enfermedades hipertensivas,mun,11028,Salvatierra,Total,2020,26.53637167768838
51,Enfermeras en instituciones públicas de salud por cada 100 mil habitantes,mun,11028,Salvatierra,Total,2020,323.280400994061
52,Camas censables por cada 100 mil habitantes,mun,11028,Salvatierra,Total,2020,71.60608230487342
36,Mortalidad por diabetes mellitus por cada 100 mil habitantes,mun,11028,Salvatierra,Mujeres,2022,213.065326633166
1055,Tasa de mortalidad por diabetes y enfermedades hipertensivas,mun,11028,Salvatierra,Total,2022,22.69641948073986
583,Índice de marginación,mun,11028,Salvatierra,Total,2020,56.6436237406066
1055,Tasa de mortalidad por diabetes y enfermedades hipertensivas,mun,11028,Salvatierra,Total,2023,24.21821889870836
51,Enfermeras en instituciones públicas de salud por cada 100 mil habitantes,mun,11028,Salvatierra,Total,2021,325.708786734769
1055,Tasa de mortalidad por diabetes y enfermedades hipertensivas,mun,11028,Salvatierra,Hombres,2021,25.72189044711356
1055,Tasa de mortalidad por diabetes y enfermedades hipertensivas,mun,11028,Salvatierra,Hombres,2020,30.21936213231298
52,Camas censables por cada 100 mil habitantes,mun,11028,Salvatierra,Total,2021,71.90973213624778
11,Porcentaje de población en situación de pobreza,mun,11028,Salvatierra,Hombres,2020,50.879128
36,Mortalidad por diabetes mellitus por cada 100 mil habitantes,mun,11028,Salvatierra,Mujeres,2020,216.472318091776
45,Porcentaje de población con carencia por acceso a los servicios de salud,mun,11028,Salvatierra,Mujeres,2020,20.09034
11,Porcentaje de población en situación de pobreza,mun,11028,Salvatierra,Mujeres,2020,51.044023
1055,Tasa de mortalidad por diabetes y enfermedades hipertensivas,mun,11028,Salvatierra,Mujeres,2021,26.67789946644202
13,Índice de rezago social,mun,11028,Salvatierra,Total,2020,-0.73253
52,Camas censables por cada 100 mil habitantes,mun,11028,Salvatierra,Total,2022,72.11946377057525
36,Mortalidad por diabetes mellitus por cada 100 mil habitantes,mun,11028,Salvatierra,Total,2021,240.051605807768
36,Mortalidad por diabetes mellitus por cada 100 mil habitantes,mun,11028,Salvatierra,Total,2023,224.12474507138
45,Porcentaje de población con carencia por acceso a los servicios de salud,mun,11028,Salvatierra,Hombres,2020,23.300199
1055,Tasa de mortalidad por diabetes y enfermedades hipertensivas,mun,11028,Salvatierra,Mujeres,2020,23.07676598525538
1055,Tasa de mortalidad por diabetes y enfermedades hipertensivas,mun,11028,Salvatierra,Hombres,2022,22.00368224886613
11,Porcentaje de población en situación de pobreza,mun,11028,Salvatierra,Total,2020,50.9652385795
1055,Tasa de mortalidad por diabetes y enfermedades hipertensivas,mun,11028,Salvatierra,Total,2021,26.22590230851391
1055,Tasa de mortalidad por diabetes y enfermedades hipertensivas,mun,11028,Salvatierra,Mujeres,2023,25.157485861492944
1055,Tasa de mortalidad por diabetes y enfermedades hipertensivas,mun,11029,San Diego de la Unión,Total,2022,12.87185354691076
52,Camas censables por cada 100 mil habitantes,mun,11029,San Diego de la Unión,Total,2020,21.60138248847926
1055,Tasa de mortalidad por diabetes y enfermedades hipertensivas,mun,11029,San Diego de la Unión,Total,2020,14.64093701996928
36,Mortalidad por diabetes mellitus por cada 100 mil habitantes,mun,11029,San Diego de la Unión,Mujeres,2021,103.547631910679
36,Mortalidad por diabetes mellitus por cada 100 mil habitantes,mun,11029,San Diego de la Unión,Mujeres,2022,85.09494804729489
1055,Tasa de mortalidad por diabetes y enfermedades hipertensivas,mun,11029,San Diego de la Unión,Total,2023,11.140080587817016
52,Camas censables por cada 100 mil habitantes,mun,11029,San Diego de la Unión,Total,2023,21.33206921071344
45,Porcentaje de población con carencia por acceso a los servicios de salud,mun,11029,San Diego de la Unión,Mujeres,2020,18.477646
583,Índice de marginación,mun,11029,San Diego de la Unión,Total,2020,53.4163093212806
1055,Tasa de mortalidad por diabetes y enfermedades hipertensivas,mun,11029,San Diego de la Unión,Hombres,2021,14.82087187611795
1055,Tasa de mortalidad por diabetes y enfermedades hipertensivas,mun,11029,San Diego de la Unión,Hombres,2020,16.3281967547709
45,Porcentaje de población con carencia por acceso a los servicios de salud,mun,11029,San Diego de la Unión,Total,2020,19.90098252
36,Mortalidad por diabetes mellitus por cada 100 mil habitantes,mun,11029,San Diego de la Unión,Mujeres,2020,104.232756276625
1055,Tasa de mortalidad por diabetes y enfermedades hipertensivas,mun,11029,San Diego de la Unión,Total,2021,13.88257258431269
11,Porcentaje de población en situación de pobreza,mun,11029,San Diego de la Unión,Mujeres,2020,39.409409
1055,Tasa de mortalidad por diabetes y enfermedades hipertensivas,mun,11029,San Diego de la Unión,Mujeres,2022,11.19670369043354
51,Enfermeras en instituciones públicas de salud por cada 100 mil habitantes,mun,11029,San Diego de la Unión,Total,2020,144.009216589862
11,Porcentaje de población en situación de pobreza,mun,11029,San Diego de la Unión,Hombres,2020,39.921235
52,Camas censables por cada 100 mil habitantes,mun,11029,San Diego de la Unión,Total,2021,21.54192297565763
36,Mortalidad por diabetes mellitus por cada 100 mil habitantes,mun,11029,San Diego de la Unión,Total,2021,117.283802867469
1055,Tasa de mortalidad por diabetes y enfermedades hipertensivas,mun,11029,San Diego de la Unión,Mujeres,2021,13.05600576265082
36,Mortalidad por diabetes mellitus por cada 100 mil habitantes,mun,11029,San Diego de la Unión,Total,2023,80.5878170182508
1055,Tasa de mortalidad por diabetes y enfermedades hipertensivas,mun,11029,San Diego de la Unión,Hombres,2023,9.634888438133874
13,Índice de rezago social,mun,11029,San Diego de la Unión,Total,2020,-0.144878
52,Camas censables por cada 100 mil habitantes,mun,11029,San Diego de la Unión,Total,2022,21.45308924485126
51,Enfermeras en instituciones públicas de salud por cada 100 mil habitantes,mun,11029,San Diego de la Unión,Total,2023,137.473334913487
36,Mortalidad por diabetes mellitus por cada 100 mil habitantes,mun,11029,San Diego de la Unión,Total,2022,109.649122807018
45,Porcentaje de población con carencia por acceso a los servicios de salud,mun,11029,San Diego de la Unión,Hombres,2020,21.49869
11,Porcentaje de población en situación de pobreza,mun,11029,San Diego de la Unión,Total,2020,39.6505511341
1055,Tasa de mortalidad por diabetes y enfermedades hipertensivas,mun,11029,San Diego de la Unión,Mujeres,2020,13.14239100879181
51,Enfermeras en instituciones públicas de salud por cada 100 mil habitantes,mun,11029,San Diego de la Unión,Total,2021,141.219272840422
1055,Tasa de mortalidad por diabetes y enfermedades hipertensivas,mun,11029,San Diego de la Unión,Hombres,2022,14.7778230737872
1055,Tasa de mortalidad por diabetes y enfermedades hipertensivas,mun,11029,San Diego de la Unión,Mujeres,2023,12.461059190031154
51,Enfermeras en instituciones públicas de salud por cada 100 mil habitantes,mun,11029,San Diego de la Unión,Total,2022,145.404271548436
52,Camas censables por cada 100 mil habitantes,mun,11030,San Felipe,Total,2020,13.1422234999384
1055,Tasa de mortalidad por diabetes y enfermedades hipertensivas,mun,11030,San Felipe,Total,2022,8.541842942906644
45,Porcentaje de población con carencia por acceso a los servicios de salud,mun,11030,San Felipe,Total,2020,22.26044854
52,Camas censables por cada 100 mil habitantes,mun,11030,San Felipe,Total,2023,12.74575407067521
1055,Tasa de mortalidad por diabetes y enfermedades hipertensivas,mun,11030,San Felipe,Total,2020,9.281695346831492
583,Índice de marginación,mun,11030,San Felipe,Total,2020,53.9971522493502
36,Mortalidad por diabetes mellitus por cada 100 mil habitantes,mun,11030,San Felipe,Mujeres,2020,84.7389879286913
52,Camas censables por cada 100 mil habitantes,mun,11030,San Felipe,Total,2022,12.89334783834965
45,Porcentaje de población con carencia por acceso a los servicios de salud,mun,11030,San Felipe,Mujeres,2020,18.764824
1055,Tasa de mortalidad por diabetes y enfermedades hipertensivas,mun,11030,San Felipe,Hombres,2020,8.445945945945946
1055,Tasa de mortalidad por diabetes y enfermedades hipertensivas,mun,11030,San Felipe,Hombres,2021,11.98841120250425
11,Porcentaje de población en situación de pobreza,mun,11030,San Felipe,Hombres,2020,52.59946
36,Mortalidad por diabetes mellitus por cada 100 mil habitantes,mun,11030,San Felipe,Mujeres,2022,70.9096925670884
11,Porcentaje de población en situación de pobreza,mun,11030,San Felipe,Mujeres,2020,51.249664
1055,Tasa de mortalidad por diabetes y enfermedades hipertensivas,mun,11030,San Felipe,Total,2021,11.64134876829646
1055,Tasa de mortalidad por diabetes y enfermedades hipertensivas,mun,11030,San Felipe,Total,2023,7.647452442405124
36,Mortalidad por diabetes mellitus por cada 100 mil habitantes,mun,11030,San Felipe,Total,2021,93.61923834644
1055,Tasa de mortalidad por diabetes y enfermedades hipertensivas,mun,11030,San Felipe,Hombres,2023,6.3587302104902745
52,Camas censables por cada 100 mil habitantes,mun,11030,San Felipe,Total,2021,13.02528533515688
1055,Tasa de mortalidad por diabetes y enfermedades hipertensivas,mun,11030,San Felipe,Mujeres,2022,9.139471486424734
36,Mortalidad por diabetes mellitus por cada 100 mil habitantes,mun,11030,San Felipe,Total,2023,65.3219896122104
36,Mortalidad por diabetes mellitus por cada 100 mil habitantes,mun,11030,San Felipe,Mujeres,2021,92.3861102261867
1055,Tasa de mortalidad por diabetes y enfermedades hipertensivas,mun,11030,San Felipe,Mujeres,2021,11.30933418286078
36,Mortalidad por diabetes mellitus por cada 100 mil habitantes,mun,11030,San Felipe,Mujeres,2023,74.76751974329821
45,Porcentaje de población con carencia por acceso a los servicios de salud,mun,11030,San Felipe,Hombres,2020,25.93182
51,Enfermeras en instituciones públicas de salud por cada 100 mil habitantes,mun,11030,San Felipe,Total,2022,113.622627825456
13,Índice de rezago social,mun,11030,San Felipe,Total,2020,-0.253882
51,Enfermeras en instituciones públicas de salud por cada 100 mil habitantes,mun,11030,San Felipe,Total,2023,113.118567377242
1055,Tasa de mortalidad por diabetes y enfermedades hipertensivas,mun,11030,San Felipe,Mujeres,2020,10.07274762171237
51,Enfermeras en instituciones públicas de salud por cada 100 mil habitantes,mun,11030,San Felipe,Total,2020,114.173066655715
11,Porcentaje de población en situación de pobreza,mun,11030,San Felipe,Total,2020,51.9080123915
51,Enfermeras en instituciones públicas de salud por cada 100 mil habitantes,mun,11030,San Felipe,Total,2021,106.644523681597
1055,Tasa de mortalidad por diabetes y enfermedades hipertensivas,mun,11030,San Felipe,Mujeres,2023,8.878642969516658
1055,Tasa de mortalidad por diabetes y enfermedades hipertensivas,mun,11030,San Felipe,Hombres,2022,7.916350562390738
1055,Tasa de mortalidad por diabetes y enfermedades hipertensivas,mun,11031,San Francisco del Rincón,Total,2021,16.71582357005416
52,Camas censables por cada 100 mil habitantes,mun,11031,San Francisco del Rincón,Total,2020,20.26023141686552
52,Camas censables por cada 100 mil habitantes,mun,11031,San Francisco del Rincón,Total,2023,21.03247704558971
52,Camas censables por cada 100 mil habitantes,mun,11031,San Francisco del Rincón,Total,2021,20.05898828406499
1055,Tasa de mortalidad por diabetes y enfermedades hipertensivas,mun,11031,San Francisco del Rincón,Total,2020,13.80697252112317
1055,Tasa de mortalidad por diabetes y enfermedades hipertensivas,mun,11031,San Francisco del Rincón,Total,2022,13.14880926146297
45,Porcentaje de población con carencia por acceso a los servicios de salud,mun,11031,San Francisco del Rincón,Total,2020,27.42375644
583,Índice de marginación,mun,11031,San Francisco del Rincón,Total,2020,57.6617426611668
36,Mortalidad por diabetes mellitus por cada 100 mil habitantes,mun,11031,San Francisco del Rincón,Mujeres,2020,135.451480396343
36,Mortalidad por diabetes mellitus por cada 100 mil habitantes,mun,11031,San Francisco del Rincón,Total,2023,92.833002132258
11,Porcentaje de población en situación de pobreza,mun,11031,San Francisco del Rincón,Mujeres,2020,46.758544
45,Porcentaje de población con carencia por acceso a los servicios de salud,mun,11031,San Francisco del Rincón,Mujeres,2020,24.347524
36,Mortalidad por diabetes mellitus por cada 100 mil habitantes,mun,11031,San Francisco del Rincón,Total,2020,123.062146383924
11,Porcentaje de población en situación de pobreza,mun,11031,San Francisco del Rincón,Hombres,2020,47.864417
1055,Tasa de mortalidad por diabetes y enfermedades hipertensivas,mun,11031,San Francisco del Rincón,Hombres,2020,11.93664396663861
36,Mortalidad por diabetes mellitus por cada 100 mil habitantes,mun,11031,San Francisco del Rincón,Mujeres,2022,108.033360701785
1055,Tasa de mortalidad por diabetes y enfermedades hipertensivas,mun,11031,San Francisco del Rincón,Hombres,2023,10.361160449970397
1055,Tasa de mortalidad por diabetes y enfermedades hipertensivas,mun,11031,San Francisco del Rincón,Total,2023,10.951393220289814
45,Porcentaje de población con carencia por acceso a los servicios de salud,mun,11031,San Francisco del Rincón,Hombres,2020,30.590004
1055,Tasa de mortalidad por diabetes y enfermedades hipertensivas,mun,11031,San Francisco del Rincón,Mujeres,2021,15.74022794181946
1055,Tasa de mortalidad por diabetes y enfermedades hipertensivas,mun,11031,San Francisco del Rincón,Mujeres,2020,15.60636621957863
1055,Tasa de mortalidad por diabetes y enfermedades hipertensivas,mun,11031,San Francisco del Rincón,Mujeres,2022,12.2437808795356
1055,Tasa de mortalidad por diabetes y enfermedades hipertensivas,mun,11031,San Francisco del Rincón,Hombres,2021,17.7302277652336
51,Enfermeras en instituciones públicas de salud por cada 100 mil habitantes,mun,11031,San Francisco del Rincón,Total,2022,152.056062409097
52,Camas censables por cada 100 mil habitantes,mun,11031,San Francisco del Rincón,Total,2022,21.30254014426962
51,Enfermeras en instituciones públicas de salud por cada 100 mil habitantes,mun,11031,San Francisco del Rincón,Total,2021,154.528502336501
51,Enfermeras en instituciones públicas de salud por cada 100 mil habitantes,mun,11031,San Francisco del Rincón,Total,2020,156.078819804001
51,Enfermeras en instituciones públicas de salud por cada 100 mil habitantes,mun,11031,San Francisco del Rincón,Total,2023,160.281980243977
13,Índice de rezago social,mun,11031,San Francisco del Rincón,Total,2020,-0.751296
11,Porcentaje de población en situación de pobreza,mun,11031,San Francisco del Rincón,Total,2020,47.3035075202
36,Mortalidad por diabetes mellitus por cada 100 mil habitantes,mun,11031,San Francisco del Rincón,Mujeres,2023,98.1200762208128
1055,Tasa de mortalidad por diabetes y enfermedades hipertensivas,mun,11031,San Francisco del Rincón,Mujeres,2023,11.518443730269333
1055,Tasa de mortalidad por diabetes y enfermedades hipertensivas,mun,11031,San Francisco del Rincón,Hombres,2022,14.09062973122873
52,Camas censables por cada 100 mil habitantes,mun,11032,San José Iturbide,Total,2020,32.82383448034399
1055,Tasa de mortalidad por diabetes y enfermedades hipertensivas,mun,11032,San José Iturbide,Total,2021,9.263248599741493
13,Índice de rezago social,mun,11032,San José Iturbide,Total,2020,-0.930426
52,Camas censables por cada 100 mil habitantes,mun,11032,San José Iturbide,Total,2023,31.19248884868524
1055,Tasa de mortalidad por diabetes y enfermedades hipertensivas,mun,11032,San José Iturbide,Hombres,2021,8.189645631820094
52,Camas censables por cada 100 mil habitantes,mun,11032,San José Iturbide,Total,2021,32.31365790607497
51,Enfermeras en instituciones públicas de salud por cada 100 mil habitantes,mun,11032,San José Iturbide,Total,2023,207.949925657902
1055,Tasa de mortalidad por diabetes y enfermedades hipertensivas,mun,11032,San José Iturbide,Total,2020,8.862435309692879
1055,Tasa de mortalidad por diabetes y enfermedades hipertensivas,mun,11032,San José Iturbide,Total,2022,6.248345247550967
11,Porcentaje de población en situación de pobreza,mun,11032,San José Iturbide,Hombres,2020,23.300198
51,Enfermeras en instituciones públicas de salud por cada 100 mil habitantes,mun,11032,San José Iturbide,Total,2021,216.501507970702
1055,Tasa de mortalidad por diabetes y enfermedades hipertensivas,mun,11032,San José Iturbide,Hombres,2020,10.1276078590237
45,Porcentaje de población con carencia por acceso a los servicios de salud,mun,11032,San José Iturbide,Total,2020,28.17717918
45,Porcentaje de población con carencia por acceso a los servicios de salud,mun,11032,San José Iturbide,Mujeres,2020,27.556849
1055,Tasa de mortalidad por diabetes y enfermedades hipertensivas,mun,11032,San José Iturbide,Mujeres,2021,10.2809424896666
36,Mortalidad por diabetes mellitus por cada 100 mil habitantes,mun,11032,San José Iturbide,Mujeres,2020,55.36155353036369
36,Mortalidad por diabetes mellitus por cada 100 mil habitantes,mun,11032,San José Iturbide,Total,2023,62.384977697370495
1055,Tasa de mortalidad por diabetes y enfermedades hipertensivas,mun,11032,San José Iturbide,Total,2023,7.902097175000261
583,Índice de marginación,mun,11032,San José Iturbide,Total,2020,57.2411850613912
51,Enfermeras en instituciones públicas de salud por cada 100 mil habitantes,mun,11032,San José Iturbide,Total,2020,203.507773778133
36,Mortalidad por diabetes mellitus por cada 100 mil habitantes,mun,11032,San José Iturbide,Mujeres,2022,55.6735468173289
1055,Tasa de mortalidad por diabetes y enfermedades hipertensivas,mun,11032,San José Iturbide,Mujeres,2020,7.665445873434972
11,Porcentaje de población en situación de pobreza,mun,11032,San José Iturbide,Mujeres,2020,25.161809
11,Porcentaje de población en situación de pobreza,mun,11032,San José Iturbide,Total,2020,24.2425907719
51,Enfermeras en instituciones públicas de salud por cada 100 mil habitantes,mun,11032,San José Iturbide,Total,2022,212.867355043685
1055,Tasa de mortalidad por diabetes y enfermedades hipertensivas,mun,11032,San José Iturbide,Mujeres,2022,6.804544611006866
1055,Tasa de mortalidad por diabetes y enfermedades hipertensivas,mun,11032,San José Iturbide,Mujeres,2023,8.703924862862577
1055,Tasa de mortalidad por diabetes y enfermedades hipertensivas,mun,11032,San José Iturbide,Hombres,2023,7.05520160773079
52,Camas censables por cada 100 mil habitantes,mun,11032,San José Iturbide,Total,2022,31.77124702144559
45,Porcentaje de población con carencia por acceso a los servicios de salud,mun,11032,San José Iturbide,Hombres,2020,28.813149
36,Mortalidad por diabetes mellitus por cada 100 mil habitantes,mun,11032,San José Iturbide,Total,2022,47.6568705321684
36,Mortalidad por diabetes mellitus por cada 100 mil habitantes,mun,11032,San José Iturbide,Mujeres,2021,90.2205157256457
1055,Tasa de mortalidad por diabetes y enfermedades hipertensivas,mun,11032,San José Iturbide,Hombres,2022,5.661034662950706
51,Enfermeras en instituciones públicas de salud por cada 100 mil habitantes,mun,11033,San Luis de la Paz,Total,2020,267.897464159146
51,Enfermeras en instituciones públicas de salud por cada 100 mil habitantes,mun,11033,San Luis de la Paz,Total,2021,264.773046255624
51,Enfermeras en instituciones públicas de salud por cada 100 mil habitantes,mun,11033,San Luis de la Paz,Total,2022,268.116649518216
36,Mortalidad por diabetes mellitus por cada 100 mil habitantes,mun,11032,San José Iturbide,Mujeres,2023,62.7492257555209
52,Camas censables por cada 100 mil habitantes,mun,11033,San Luis de la Paz,Total,2020,52.81407150566029
1055,Tasa de mortalidad por diabetes y enfermedades hipertensivas,mun,11033,San Luis de la Paz,Total,2020,13.54795747319112
1055,Tasa de mortalidad por diabetes y enfermedades hipertensivas,mun,11033,San Luis de la Paz,Total,2021,12.9731206045019
45,Porcentaje de población con carencia por acceso a los servicios de salud,mun,11033,San Luis de la Paz,Total,2020,28.44417329
52,Camas censables por cada 100 mil habitantes,mun,11033,San Luis de la Paz,Total,2021,52.34767963220065
13,Índice de rezago social,mun,11033,San Luis de la Paz,Total,2020,-0.402081
52,Camas censables por cada 100 mil habitantes,mun,11033,San Luis de la Paz,Total,2023,53.45013176942207
51,Enfermeras en instituciones públicas de salud por cada 100 mil habitantes,mun,11033,San Luis de la Paz,Total,2023,262.054118258417
1055,Tasa de mortalidad por diabetes y enfermedades hipertensivas,mun,11033,San Luis de la Paz,Hombres,2021,14.29819683850981
11,Porcentaje de población en situación de pobreza,mun,11033,San Luis de la Paz,Mujeres,2020,51.323198
36,Mortalidad por diabetes mellitus por cada 100 mil habitantes,mun,11033,San Luis de la Paz,Mujeres,2020,126.44429910617
45,Porcentaje de población con carencia por acceso a los servicios de salud,mun,11033,San Luis de la Paz,Mujeres,2020,24.873861
1055,Tasa de mortalidad por diabetes y enfermedades hipertensivas,mun,11033,San Luis de la Paz,Total,2023,9.502245647897256
1055,Tasa de mortalidad por diabetes y enfermedades hipertensivas,mun,11033,San Luis de la Paz,Total,2022,8.787016244714648
1055,Tasa de mortalidad por diabetes y enfermedades hipertensivas,mun,11033,San Luis de la Paz,Hombres,2020,13.25959703761198
583,Índice de marginación,mun,11033,San Luis de la Paz,Total,2020,55.0984879479621
1055,Tasa de mortalidad por diabetes y enfermedades hipertensivas,mun,11033,San Luis de la Paz,Mujeres,2020,13.80713610929438
36,Mortalidad por diabetes mellitus por cada 100 mil habitantes,mun,11033,San Luis de la Paz,Total,2021,122.903247832123
11,Porcentaje de población en situación de pobreza,mun,11033,San Luis de la Paz,Total,2020,51.1327299329
11,Porcentaje de población en situación de pobreza,mun,11033,San Luis de la Paz,Hombres,2020,50.934613
1055,Tasa de mortalidad por diabetes y enfermedades hipertensivas,mun,11033,San Luis de la Paz,Mujeres,2021,11.76197252635553
36,Mortalidad por diabetes mellitus por cada 100 mil habitantes,mun,11033,San Luis de la Paz,Mujeres,2023,82.2905138900712
36,Mortalidad por diabetes mellitus por cada 100 mil habitantes,mun,11033,San Luis de la Paz,Total,2020,123.998254839376
45,Porcentaje de población con carencia por acceso a los servicios de salud,mun,11033,San Luis de la Paz,Hombres,2020,32.157868
52,Camas censables por cada 100 mil habitantes,mun,11033,San Luis de la Paz,Total,2022,51.82086503293254
1055,Tasa de mortalidad por diabetes y enfermedades hipertensivas,mun,11033,San Luis de la Paz,Mujeres,2022,9.191704486700752
1055,Tasa de mortalidad por diabetes y enfermedades hipertensivas,mun,11033,San Luis de la Paz,Mujeres,2023,10.924775119888764
36,Mortalidad por diabetes mellitus por cada 100 mil habitantes,mun,11033,San Luis de la Paz,Total,2022,78.10681106413021
1055,Tasa de mortalidad por diabetes y enfermedades hipertensivas,mun,11033,San Luis de la Paz,Hombres,2022,8.343434661461202
1055,Tasa de mortalidad por diabetes y enfermedades hipertensivas,mun,11033,San Luis de la Paz,Hombres,2023,7.9410802983354865
36,Mortalidad por diabetes mellitus por cada 100 mil habitantes,mun,11033,San Luis de la Paz,Mujeres,2021,111.811343769059
1055,Tasa de mortalidad por diabetes y enfermedades hipertensivas,mun,11034,Santa Catarina,Total,2021,10.14541765302672
52,Camas censables por cada 100 mil habitantes,mun,11034,Santa Catarina,Total,2020,0.0
52,Camas censables por cada 100 mil habitantes,mun,11034,Santa Catarina,Total,2021,0.0
1055,Tasa de mortalidad por diabetes y enfermedades hipertensivas,mun,11034,Santa Catarina,Total,2020,8.574858514834505
11,Porcentaje de población en situación de pobreza,mun,11034,Santa Catarina,Mujeres,2020,47.010616
45,Porcentaje de población con carencia por acceso a los servicios de salud,mun,11034,Santa Catarina,Mujeres,2020,5.582192
1055,Tasa de mortalidad por diabetes y enfermedades hipertensivas,mun,11034,Santa Catarina,Total,2022,11.66277907364212
36,Mortalidad por diabetes mellitus por cada 100 mil habitantes,mun,11034,Santa Catarina,Mujeres,2020,97.5292587776333
11,Porcentaje de población en situación de pobreza,mun,11034,Santa Catarina,Total,2020,47.1809352518
1055,Tasa de mortalidad por diabetes y enfermedades hipertensivas,mun,11034,Santa Catarina,Hombres,2021,14.29081814933905
1055,Tasa de mortalidad por diabetes y enfermedades hipertensivas,mun,11034,Santa Catarina,Hombres,2020,7.259528130671506
1055,Tasa de mortalidad por diabetes y enfermedades hipertensivas,mun,11034,Santa Catarina,Total,2023,6.557377049180328
11,Porcentaje de población en situación de pobreza,mun,11034,Santa Catarina,Hombres,2020,47.369318
52,Camas censables por cada 100 mil habitantes,mun,11034,Santa Catarina,Total,2023,0.0
45,Porcentaje de población con carencia por acceso a los servicios de salud,mun,11034,Santa Catarina,Total,2020,6.798561151
1055,Tasa de mortalidad por diabetes y enfermedades hipertensivas,mun,11034,Santa Catarina,Mujeres,2020,9.75292587776333
36,Mortalidad por diabetes mellitus por cada 100 mil habitantes,mun,11034,Santa Catarina,Hombres,2022,70.4225352112676
51,Enfermeras en instituciones públicas de salud por cada 100 mil habitantes,mun,11034,Santa Catarina,Total,2023,393.44262295082
51,Enfermeras en instituciones públicas de salud por cada 100 mil habitantes,mun,11034,Santa Catarina,Total,2022,416.527824058647
1055,Tasa de mortalidad por diabetes y enfermedades hipertensivas,mun,11034,Santa Catarina,Hombres,2022,10.56338028169014
36,Mortalidad por diabetes mellitus por cada 100 mil habitantes,mun,11034,Santa Catarina,Hombres,2021,107.181136120043
51,Enfermeras en instituciones públicas de salud por cada 100 mil habitantes,mun,11034,Santa Catarina,Total,2020,480.192076830732
583,Índice de marginación,mun,11034,Santa Catarina,Total,2020,53.463378937803
1055,Tasa de mortalidad por diabetes y enfermedades hipertensivas,mun,11034,Santa Catarina,Mujeres,2023,9.325458501709667
36,Mortalidad por diabetes mellitus por cada 100 mil habitantes,mun,11034,Santa Catarina,Mujeres,2023,62.1697233447311
13,Índice de rezago social,mun,11034,Santa Catarina,Total,2020,-0.003255
51,Enfermeras en instituciones públicas de salud por cada 100 mil habitantes,mun,11034,Santa Catarina,Total,2021,439.634764964491
1055,Tasa de mortalidad por diabetes y enfermedades hipertensivas,mun,11034,Santa Catarina,Mujeres,2021,6.420545746388443
52,Camas censables por cada 100 mil habitantes,mun,11034,Santa Catarina,Total,2022,0.0
1055,Tasa de mortalidad por diabetes y enfermedades hipertensivas,mun,11034,Santa Catarina,Mujeres,2022,12.65022137887413
45,Porcentaje de población con carencia por acceso a los servicios de salud,mun,11034,Santa Catarina,Hombres,2020,8.14393899999999
1055,Tasa de mortalidad por diabetes y enfermedades hipertensivas,mun,11034,Santa Catarina,Hombres,2023,3.46860908775581
36,Mortalidad por diabetes mellitus por cada 100 mil habitantes,mun,11034,Santa Catarina,Hombres,2020,72.59528130671511
36,Mortalidad por diabetes mellitus por cada 100 mil habitantes,mun,11034,Santa Catarina,Mujeres,2021,32.1027287319422
11,Porcentaje de población en situación de pobreza,mun,11036,Santiago Maravatío,Total,2020,53.9447824764
1055,Tasa de mortalidad por diabetes y enfermedades hipertensivas,mun,11036,Santiago Maravatío,Hombres,2021,18.44451275745466
51,Enfermeras en instituciones públicas de salud por cada 100 mil habitantes,mun,11036,Santiago Maravatío,Total,2022,340.488527017024
45,Porcentaje de población con carencia por acceso a los servicios de salud,mun,11036,Santiago Maravatío,Mujeres,2020,8.898426
52,Camas censables por cada 100 mil habitantes,mun,11036,Santiago Maravatío,Total,2020,0.0
51,Enfermeras en instituciones públicas de salud por cada 100 mil habitantes,mun,11036,Santiago Maravatío,Total,2020,367.809327644549
1055,Tasa de mortalidad por diabetes y enfermedades hipertensivas,mun,11036,Santiago Maravatío,Total,2022,32.56846780162842
36,Mortalidad por diabetes mellitus por cada 100 mil habitantes,mun,11036,Santiago Maravatío,Mujeres,2022,284.656988329063
52,Camas censables por cada 100 mil habitantes,mun,11036,Santiago Maravatío,Total,2021,0.0
1055,Tasa de mortalidad por diabetes y enfermedades hipertensivas,mun,11036,Santiago Maravatío,Mujeres,2020,19.82441234777684
1055,Tasa de mortalidad por diabetes y enfermedades hipertensivas,mun,11036,Santiago Maravatío,Total,2020,32.36722083272031
1055,Tasa de mortalidad por diabetes y enfermedades hipertensivas,mun,11036,Santiago Maravatío,Total,2021,22.15330084182543
51,Enfermeras en instituciones públicas de salud por cada 100 mil habitantes,mun,11036,Santiago Maravatío,Total,2023,325.684678016284
51,Enfermeras en instituciones públicas de salud por cada 100 mil habitantes,mun,11036,Santiago Maravatío,Total,2021,369.221680697091
11,Porcentaje de población en situación de pobreza,mun,11036,Santiago Maravatío,Mujeres,2020,53.75794
1055,Tasa de mortalidad por diabetes y enfermedades hipertensivas,mun,11036,Santiago Maravatío,Hombres,2020,45.92774035517453
52,Camas censables por cada 100 mil habitantes,mun,11036,Santiago Maravatío,Total,2023,0.0
1055,Tasa de mortalidad por diabetes y enfermedades hipertensivas,mun,11036,Santiago Maravatío,Total,2023,28.127313101406365
36,Mortalidad por diabetes mellitus por cada 100 mil habitantes,mun,11036,Santiago Maravatío,Total,2023,236.861584011843
583,Índice de marginación,mun,11036,Santiago Maravatío,Total,2020,55.6898140782752
1055,Tasa de mortalidad por diabetes y enfermedades hipertensivas,mun,11036,Santiago Maravatío,Mujeres,2021,25.58271745309835
45,Porcentaje de población con carencia por acceso a los servicios de salud,mun,11036,Santiago Maravatío,Total,2020,9.872223912
1055,Tasa de mortalidad por diabetes y enfermedades hipertensivas,mun,11036,Santiago Maravatío,Hombres,2023,21.6116085211485
11,Porcentaje de población en situación de pobreza,mun,11036,Santiago Maravatío,Hombres,2020,54.156869
1055,Tasa de mortalidad por diabetes y enfermedades hipertensivas,mun,11036,Santiago Maravatío,Hombres,2022,33.92967304133251
1055,Tasa de mortalidad por diabetes y enfermedades hipertensivas,mun,11036,Santiago Maravatío,Mujeres,2022,31.31226871619699
13,Índice de rezago social,mun,11036,Santiago Maravatío,Total,2020,-0.735575
1055,Tasa de mortalidad por diabetes y enfermedades hipertensivas,mun,11036,Santiago Maravatío,Mujeres,2023,34.129692832764505
52,Camas censables por cada 100 mil habitantes,mun,11036,Santiago Maravatío,Total,2022,0.0
45,Porcentaje de población con carencia por acceso a los servicios de salud,mun,11036,Santiago Maravatío,Hombres,2020,10.97759
51,Enfermeras en instituciones públicas de salud por cada 100 mil habitantes,mun,11037,Silao,Total,2023,219.743462283567
52,Camas censables por cada 100 mil habitantes,mun,11037,Silao,Total,2023,44.13452202312649
36,Mortalidad por diabetes mellitus por cada 100 mil habitantes,mun,11036,Santiago Maravatío,Total,2021,191.995273962487
36,Mortalidad por diabetes mellitus por cada 100 mil habitantes,mun,11036,Santiago Maravatío,Mujeres,2021,227.40193291643
45,Porcentaje de población con carencia por acceso a los servicios de salud,mun,11037,Silao,Mujeres,2020,12.176009
1055,Tasa de mortalidad por diabetes y enfermedades hipertensivas,mun,11037,Silao,Hombres,2021,13.68595551100659
51,Enfermeras en instituciones públicas de salud por cada 100 mil habitantes,mun,11037,Silao,Total,2021,211.961503208066
52,Camas censables por cada 100 mil habitantes,mun,11037,Silao,Total,2021,45.35212343415827
51,Enfermeras en instituciones públicas de salud por cada 100 mil habitantes,mun,11037,Silao,Total,2022,221.022073931648
51,Enfermeras en instituciones públicas de salud por cada 100 mil habitantes,mun,11037,Silao,Total,2020,206.244324658513
36,Mortalidad por diabetes mellitus por cada 100 mil habitantes,mun,11037,Silao,Mujeres,2022,96.12513065551741
45,Porcentaje de población con carencia por acceso a los servicios de salud,mun,11037,Silao,Total,2020,14.07594586
52,Camas censables por cada 100 mil habitantes,mun,11037,Silao,Total,2020,34.77656059815684
1055,Tasa de mortalidad por diabetes y enfermedades hipertensivas,mun,11037,Silao,Hombres,2023,7.415472994536955
36,Mortalidad por diabetes mellitus por cada 100 mil habitantes,mun,11037,Silao,Total,2020,85.4923781371356
1055,Tasa de mortalidad por diabetes y enfermedades hipertensivas,mun,11037,Silao,Total,2021,13.17598533455545
1055,Tasa de mortalidad por diabetes y enfermedades hipertensivas,mun,11037,Silao,Total,2022,9.472374597070631
11,Porcentaje de población en situación de pobreza,mun,11037,Silao,Mujeres,2020,43.660393
1055,Tasa de mortalidad por diabetes y enfermedades hipertensivas,mun,11037,Silao,Hombres,2020,8.81704628949302
1055,Tasa de mortalidad por diabetes y enfermedades hipertensivas,mun,11037,Silao,Total,2020,9.611854943101685
583,Índice de marginación,mun,11037,Silao,Total,2020,56.9524941709445
1055,Tasa de mortalidad por diabetes y enfermedades hipertensivas,mun,11037,Silao,Total,2023,7.247353090113402
1055,Tasa de mortalidad por diabetes y enfermedades hipertensivas,mun,11037,Silao,Mujeres,2021,12.67547012751145
1055,Tasa de mortalidad por diabetes y enfermedades hipertensivas,mun,11037,Silao,Mujeres,2020,10.38480959594516
36,Mortalidad por diabetes mellitus por cada 100 mil habitantes,mun,11037,Silao,Mujeres,2023,60.7080769336902
36,Mortalidad por diabetes mellitus por cada 100 mil habitantes,mun,11037,Silao,Mujeres,2020,91.4625432303427
1055,Tasa de mortalidad por diabetes y enfermedades hipertensivas,mun,11037,Silao,Mujeres,2023,7.082608975597193
13,Índice de rezago social,mun,11037,Silao,Total,2020,-0.780484
52,Camas censables por cada 100 mil habitantes,mun,11037,Silao,Total,2022,44.76992968764727
45,Porcentaje de población con carencia por acceso a los servicios de salud,mun,11037,Silao,Hombres,2020,15.966151
11,Porcentaje de población en situación de pobreza,mun,11037,Silao,Total,2020,43.2834822102
1055,Tasa de mortalidad por diabetes y enfermedades hipertensivas,mun,11037,Silao,Hombres,2022,8.47264003655611
11,Porcentaje de población en situación de pobreza,mun,11037,Silao,Hombres,2020,42.908502
36,Mortalidad por diabetes mellitus por cada 100 mil habitantes,mun,11037,Silao,Mujeres,2021,106.89015853797
36,Mortalidad por diabetes mellitus por cada 100 mil habitantes,mun,11037,Silao,Total,2022,86.2410224509416
1055,Tasa de mortalidad por diabetes y enfermedades hipertensivas,mun,11037,Silao,Mujeres,2022,10.45244139166791
36,Mortalidad por diabetes mellitus por cada 100 mil habitantes,mun,11037,Silao,Total,2021,111.709440879927
52,Camas censables por cada 100 mil habitantes,mun,11038,Tarandacuao,Total,2023,0.0
52,Camas censables por cada 100 mil habitantes,mun,11038,Tarandacuao,Total,2021,0.0
45,Porcentaje de población con carencia por acceso a los servicios de salud,mun,11038,Tarandacuao,Total,2020,24.70243368
51,Enfermeras en instituciones públicas de salud por cada 100 mil habitantes,mun,11038,Tarandacuao,Total,2021,282.585658777817
51,Enfermeras en instituciones públicas de salud por cada 100 mil habitantes,mun,11038,Tarandacuao,Total,2020,280.849569949096
51,Enfermeras en instituciones públicas de salud por cada 100 mil habitantes,mun,11038,Tarandacuao,Total,2023,320.769847634322
51,Enfermeras en instituciones públicas de salud por cada 100 mil habitantes,mun,11038,Tarandacuao,Total,2022,310.779612857397
45,Porcentaje de población con carencia por acceso a los servicios de salud,mun,11038,Tarandacuao,Mujeres,2020,22.509146
11,Porcentaje de población en situación de pobreza,mun,11038,Tarandacuao,Hombres,2020,50.371984
1055,Tasa de mortalidad por diabetes y enfermedades hipertensivas,mun,11038,Tarandacuao,Hombres,2023,14.883720930232556
1055,Tasa de mortalidad por diabetes y enfermedades hipertensivas,mun,11038,Tarandacuao,Total,2023,19.602601799875252
11,Porcentaje de población en situación de pobreza,mun,11038,Tarandacuao,Mujeres,2020,51.224804
36,Mortalidad por diabetes mellitus por cada 100 mil habitantes,mun,11038,Tarandacuao,Total,2020,166.754432157276
1055,Tasa de mortalidad por diabetes y enfermedades hipertensivas,mun,11038,Tarandacuao,Mujeres,2020,20.55146429183079
36,Mortalidad por diabetes mellitus por cada 100 mil habitantes,mun,11038,Tarandacuao,Mujeres,2022,238.622805522414
1055,Tasa de mortalidad por diabetes y enfermedades hipertensivas,mun,11038,Tarandacuao,Total,2020,16.67544321572758
1055,Tasa de mortalidad por diabetes y enfermedades hipertensivas,mun,11038,Tarandacuao,Hombres,2020,12.6012601260126
13,Índice de rezago social,mun,11038,Tarandacuao,Total,2020,-0.746019
1055,Tasa de mortalidad por diabetes y enfermedades hipertensivas,mun,11038,Tarandacuao,Total,2021,30.90780642882374
583,Índice de marginación,mun,11038,Tarandacuao,Total,2020,56.6384969619746
1055,Tasa de mortalidad por diabetes y enfermedades hipertensivas,mun,11038,Tarandacuao,Hombres,2021,25.78743783385523
36,Mortalidad por diabetes mellitus por cada 100 mil habitantes,mun,11038,Tarandacuao,Mujeres,2020,205.514642918308
1055,Tasa de mortalidad por diabetes y enfermedades hipertensivas,mun,11038,Tarandacuao,Total,2022,24.86236902859173
52,Camas censables por cada 100 mil habitantes,mun,11038,Tarandacuao,Total,2020,0.0
1055,Tasa de mortalidad por diabetes y enfermedades hipertensivas,mun,11038,Tarandacuao,Mujeres,2021,35.6234096692112
36,Mortalidad por diabetes mellitus por cada 100 mil habitantes,mun,11038,Tarandacuao,Mujeres,2023,239.398084815321
52,Camas censables por cada 100 mil habitantes,mun,11038,Tarandacuao,Total,2022,0.0
45,Porcentaje de población con carencia por acceso a los servicios de salud,mun,11038,Tarandacuao,Hombres,2020,26.987871
11,Porcentaje de población en situación de pobreza,mun,11038,Tarandacuao,Total,2020,50.8071674708
1055,Tasa de mortalidad por diabetes y enfermedades hipertensivas,mun,11038,Tarandacuao,Mujeres,2022,25.56672916311573
1055,Tasa de mortalidad por diabetes y enfermedades hipertensivas,mun,11038,Tarandacuao,Mujeres,2023,23.939808481532143
1055,Tasa de mortalidad por diabetes y enfermedades hipertensivas,mun,11038,Tarandacuao,Hombres,2022,24.09638554216868
36,Mortalidad por diabetes mellitus por cada 100 mil habitantes,mun,11038,Tarandacuao,Mujeres,2021,288.379983036472
1055,Tasa de mortalidad por diabetes y enfermedades hipertensivas,mun,11039,Tarimoro,Total,2023,14.986886474334955
52,Camas censables por cada 100 mil habitantes,mun,11039,Tarimoro,Total,2023,21.40983782047851
51,Enfermeras en instituciones públicas de salud por cada 100 mil habitantes,mun,11039,Tarimoro,Total,2020,200.197455024133
36,Mortalidad por diabetes mellitus por cada 100 mil habitantes,mun,11038,Tarandacuao,Total,2021,264.924055104203
52,Camas censables por cada 100 mil habitantes,mun,11039,Tarimoro,Total,2021,21.79123992155154
36,Mortalidad por diabetes mellitus por cada 100 mil habitantes,mun,11039,Tarimoro,Total,2023,115.077878285072
11,Porcentaje de población en situación de pobreza,mun,11039,Tarimoro,Hombres,2020,49.817342
51,Enfermeras en instituciones públicas de salud por cada 100 mil habitantes,mun,11039,Tarimoro,Total,2023,219.450837659905
51,Enfermeras en instituciones públicas de salud por cada 100 mil habitantes,mun,11039,Tarimoro,Total,2022,221.5318114278
51,Enfermeras en instituciones públicas de salud por cada 100 mil habitantes,mun,11039,Tarimoro,Total,2021,212.464589235128
1055,Tasa de mortalidad por diabetes y enfermedades hipertensivas,mun,11039,Tarimoro,Total,2022,18.6410914494124
36,Mortalidad por diabetes mellitus por cada 100 mil habitantes,mun,11039,Tarimoro,Total,2020,202.939885914875
1055,Tasa de mortalidad por diabetes y enfermedades hipertensivas,mun,11039,Tarimoro,Total,2020,22.21369021500658
1055,Tasa de mortalidad por diabetes y enfermedades hipertensivas,mun,11039,Tarimoro,Hombres,2021,20.05270998052022
1055,Tasa de mortalidad por diabetes y enfermedades hipertensivas,mun,11039,Tarimoro,Mujeres,2021,24.4054418942777
583,Índice de marginación,mun,11039,Tarimoro,Total,2020,56.1138010965813
1055,Tasa de mortalidad por diabetes y enfermedades hipertensivas,mun,11039,Tarimoro,Total,2021,22.33602091959032
1055,Tasa de mortalidad por diabetes y enfermedades hipertensivas,mun,11039,Tarimoro,Hombres,2020,17.49040848566915
11,Porcentaje de población en situación de pobreza,mun,11039,Tarimoro,Mujeres,2020,50.076247
52,Camas censables por cada 100 mil habitantes,mun,11039,Tarimoro,Total,2020,21.93944712593243
1055,Tasa de mortalidad por diabetes y enfermedades hipertensivas,mun,11039,Tarimoro,Mujeres,2020,26.68089647812166
36,Mortalidad por diabetes mellitus por cada 100 mil habitantes,mun,11039,Tarimoro,Mujeres,2022,164.685296690855
45,Porcentaje de población con carencia por acceso a los servicios de salud,mun,11039,Tarimoro,Mujeres,2020,10.606347
36,Mortalidad por diabetes mellitus por cada 100 mil habitantes,mun,11039,Tarimoro,Mujeres,2020,240.128068303095
1055,Tasa de mortalidad por diabetes y enfermedades hipertensivas,mun,11039,Tarimoro,Hombres,2022,17.62966333030027
1055,Tasa de mortalidad por diabetes y enfermedades hipertensivas,mun,11039,Tarimoro,Mujeres,2023,14.783849918433932
36,Mortalidad por diabetes mellitus por cada 100 mil habitantes,mun,11039,Tarimoro,Mujeres,2023,107.055464926591
45,Porcentaje de población con carencia por acceso a los servicios de salud,mun,11039,Tarimoro,Hombres,2020,15.422256
45,Porcentaje de población con carencia por acceso a los servicios de salud,mun,11039,Tarimoro,Total,2020,12.99378191
11,Porcentaje de población en situación de pobreza,mun,11039,Tarimoro,Total,2020,49.947897717
52,Camas censables por cada 100 mil habitantes,mun,11039,Tarimoro,Total,2022,21.61285965149264
36,Mortalidad por diabetes mellitus por cada 100 mil habitantes,mun,11039,Tarimoro,Mujeres,2021,223.283830096583
1055,Tasa de mortalidad por diabetes y enfermedades hipertensivas,mun,11039,Tarimoro,Mujeres,2022,19.55637898203901
13,Índice de rezago social,mun,11039,Tarimoro,Total,2020,-0.627255
36,Mortalidad por diabetes mellitus por cada 100 mil habitantes,mun,11039,Tarimoro,Total,2022,159.394839929758
1055,Tasa de mortalidad por diabetes y enfermedades hipertensivas,mun,11041,Uriangato,Total,2023,11.276168063930967
36,Mortalidad por diabetes mellitus por cada 100 mil habitantes,mun,11041,Uriangato,Total,2020,117.355797054852
1055,Tasa de mortalidad por diabetes y enfermedades hipertensivas,mun,11041,Uriangato,Total,2022,12.85681736809556
36,Mortalidad por diabetes mellitus por cada 100 mil habitantes,mun,11041,Uriangato,Total,2022,117.176057025681
52,Camas censables por cada 100 mil habitantes,mun,11041,Uriangato,Total,2021,97.10309111506716
11,Porcentaje de población en situación de pobreza,mun,11041,Uriangato,Hombres,2020,55.552396
1055,Tasa de mortalidad por diabetes y enfermedades hipertensivas,mun,11041,Uriangato,Hombres,2020,11.31711213926705
45,Porcentaje de población con carencia por acceso a los servicios de salud,mun,11041,Uriangato,Mujeres,2020,25.714174
1055,Tasa de mortalidad por diabetes y enfermedades hipertensivas,mun,11041,Uriangato,Hombres,2023,10.22704029453876
36,Mortalidad por diabetes mellitus por cada 100 mil habitantes,mun,11041,Uriangato,Mujeres,2023,97.3098534074144
51,Enfermeras en instituciones públicas de salud por cada 100 mil habitantes,mun,11041,Uriangato,Total,2020,321.522731657128
583,Índice de marginación,mun,11041,Uriangato,Total,2020,57.7259982373562
1055,Tasa de mortalidad por diabetes y enfermedades hipertensivas,mun,11041,Uriangato,Mujeres,2022,12.8233196759766
45,Porcentaje de población con carencia por acceso a los servicios de salud,mun,11041,Uriangato,Total,2020,27.00054287
51,Enfermeras en instituciones públicas de salud por cada 100 mil habitantes,mun,11041,Uriangato,Total,2021,325.295355235475
1055,Tasa de mortalidad por diabetes y enfermedades hipertensivas,mun,11041,Uriangato,Total,2020,13.66471609542795
11,Porcentaje de población en situación de pobreza,mun,11041,Uriangato,Total,2020,55.3282072222
11,Porcentaje de población en situación de pobreza,mun,11041,Uriangato,Mujeres,2020,55.114533
52,Camas censables por cada 100 mil habitantes,mun,11041,Uriangato,Total,2023,98.05363533853016
45,Porcentaje de población con carencia por acceso a los servicios de salud,mun,11041,Uriangato,Hombres,2020,28.350207
1055,Tasa de mortalidad por diabetes y enfermedades hipertensivas,mun,11041,Uriangato,Hombres,2021,15.84145067241902
51,Enfermeras en instituciones públicas de salud por cada 100 mil habitantes,mun,11041,Uriangato,Total,2023,328.479678384076
1055,Tasa de mortalidad por diabetes y enfermedades hipertensivas,mun,11041,Uriangato,Mujeres,2021,16.50010896298372
36,Mortalidad por diabetes mellitus por cada 100 mil habitantes,mun,11041,Uriangato,Mujeres,2020,136.811666303908
1055,Tasa de mortalidad por diabetes y enfermedades hipertensivas,mun,11041,Uriangato,Hombres,2022,12.89315644827469
1055,Tasa de mortalidad por diabetes y enfermedades hipertensivas,mun,11041,Uriangato,Mujeres,2023,12.242207364158585
52,Camas censables por cada 100 mil habitantes,mun,11041,Uriangato,Total,2022,97.64671418806756
51,Enfermeras en instituciones públicas de salud por cada 100 mil habitantes,mun,11041,Uriangato,Total,2022,328.743937766494
36,Mortalidad por diabetes mellitus por cada 100 mil habitantes,mun,11041,Uriangato,Total,2021,144.036251820683
1055,Tasa de mortalidad por diabetes y enfermedades hipertensivas,mun,11041,Uriangato,Mujeres,2020,15.85771586704394
13,Índice de rezago social,mun,11041,Uriangato,Total,2020,-0.830709
52,Camas censables por cada 100 mil habitantes,mun,11041,Uriangato,Total,2020,96.45681949713844
1055,Tasa de mortalidad por diabetes y enfermedades hipertensivas,mun,11041,Uriangato,Total,2021,16.18384851917786
36,Mortalidad por diabetes mellitus por cada 100 mil habitantes,mun,11041,Uriangato,Mujeres,2021,140.09526478005
1055,Tasa de mortalidad por diabetes y enfermedades hipertensivas,mun,11042,Valle de Santiago,Total,2022,14.55822637715599
1055,Tasa de mortalidad por diabetes y enfermedades hipertensivas,mun,11042,Valle de Santiago,Hombres,2023,15.749528193013184
1055,Tasa de mortalidad por diabetes y enfermedades hipertensivas,mun,11042,Valle de Santiago,Total,2023,15.402112103980503
45,Porcentaje de población con carencia por acceso a los servicios de salud,mun,11042,Valle de Santiago,Mujeres,2020,22.273015
52,Camas censables por cada 100 mil habitantes,mun,11042,Valle de Santiago,Total,2021,19.64520755161778
36,Mortalidad por diabetes mellitus por cada 100 mil habitantes,mun,11042,Valle de Santiago,Mujeres,2023,138.366034254943
1055,Tasa de mortalidad por diabetes y enfermedades hipertensivas,mun,11042,Valle de Santiago,Hombres,2021,18.57187726174057
1055,Tasa de mortalidad por diabetes y enfermedades hipertensivas,mun,11042,Valle de Santiago,Hombres,2020,15.60972961233576
1055,Tasa de mortalidad por diabetes y enfermedades hipertensivas,mun,11042,Valle de Santiago,Mujeres,2022,11.90327026688385
36,Mortalidad por diabetes mellitus por cada 100 mil habitantes,mun,11042,Valle de Santiago,Mujeres,2020,140.939852965451
36,Mortalidad por diabetes mellitus por cada 100 mil habitantes,mun,11042,Valle de Santiago,Mujeres,2022,106.502944493171
11,Porcentaje de población en situación de pobreza,mun,11042,Valle de Santiago,Hombres,2020,46.453765
45,Porcentaje de población con carencia por acceso a los servicios de salud,mun,11042,Valle de Santiago,Hombres,2020,25.999251
1055,Tasa de mortalidad por diabetes y enfermedades hipertensivas,mun,11042,Valle de Santiago,Total,2020,15.81063970766718
583,Índice de marginación,mun,11042,Valle de Santiago,Total,2020,56.2909819677847
11,Porcentaje de población en situación de pobreza,mun,11042,Valle de Santiago,Total,2020,46.9989815063
36,Mortalidad por diabetes mellitus por cada 100 mil habitantes,mun,11042,Valle de Santiago,Total,2022,133.831229027667
52,Camas censables por cada 100 mil habitantes,mun,11042,Valle de Santiago,Total,2020,19.68129424190935
11,Porcentaje de población en situación de pobreza,mun,11042,Valle de Santiago,Mujeres,2020,47.503889
52,Camas censables por cada 100 mil habitantes,mun,11042,Valle de Santiago,Total,2022,19.58505790648788
52,Camas censables por cada 100 mil habitantes,mun,11042,Valle de Santiago,Total,2023,19.49634443541836
51,Enfermeras en instituciones públicas de salud por cada 100 mil habitantes,mun,11042,Valle de Santiago,Total,2022,189.322226429383
51,Enfermeras en instituciones públicas de salud por cada 100 mil habitantes,mun,11042,Valle de Santiago,Total,2021,188.593992495531
1055,Tasa de mortalidad por diabetes y enfermedades hipertensivas,mun,11042,Valle de Santiago,Hombres,2022,17.44629811361902
1055,Tasa de mortalidad por diabetes y enfermedades hipertensivas,mun,11042,Valle de Santiago,Mujeres,2023,15.08314427463788
45,Porcentaje de población con carencia por acceso a los servicios de salud,mun,11042,Valle de Santiago,Total,2020,24.06461707
51,Enfermeras en instituciones públicas de salud por cada 100 mil habitantes,mun,11042,Valle de Santiago,Total,2023,185.215272136474
1055,Tasa de mortalidad por diabetes y enfermedades hipertensivas,mun,11042,Valle de Santiago,Mujeres,2021,15.22395571212884
36,Mortalidad por diabetes mellitus por cada 100 mil habitantes,mun,11042,Valle de Santiago,Mujeres,2021,134.625062908908
1055,Tasa de mortalidad por diabetes y enfermedades hipertensivas,mun,11042,Valle de Santiago,Total,2021,16.82939446921923
1055,Tasa de mortalidad por diabetes y enfermedades hipertensivas,mun,11042,Valle de Santiago,Mujeres,2020,15.9985779041863
51,Enfermeras en instituciones públicas de salud por cada 100 mil habitantes,mun,11042,Valle de Santiago,Total,2020,192.876683570712
36,Mortalidad por diabetes mellitus por cada 100 mil habitantes,mun,11042,Valle de Santiago,Total,2020,143.673447965938
13,Índice de rezago social,mun,11042,Valle de Santiago,Total,2020,-0.676837
1055,Tasa de mortalidad por diabetes y enfermedades hipertensivas,mun,11043,Victoria,Hombres,2023,5.8156440825821445
1055,Tasa de mortalidad por diabetes y enfermedades hipertensivas,mun,11043,Victoria,Total,2022,13.34314898316003
45,Porcentaje de población con carencia por acceso a los servicios de salud,mun,11043,Victoria,Hombres,2020,22.017254
51,Enfermeras en instituciones públicas de salud por cada 100 mil habitantes,mun,11043,Victoria,Total,2020,148.175588071865
11,Porcentaje de población en situación de pobreza,mun,11043,Victoria,Hombres,2020,49.551967
1055,Tasa de mortalidad por diabetes y enfermedades hipertensivas,mun,11043,Victoria,Total,2023,5.948295584534432
36,Mortalidad por diabetes mellitus por cada 100 mil habitantes,mun,11043,Victoria,Total,2022,119.628232262814
45,Porcentaje de población con carencia por acceso a los servicios de salud,mun,11043,Victoria,Total,2020,18.42769753
36,Mortalidad por diabetes mellitus por cada 100 mil habitantes,mun,11043,Victoria,Mujeres,2023,52.002080083203296
1055,Tasa de mortalidad por diabetes y enfermedades hipertensivas,mun,11043,Victoria,Hombres,2021,11.70389154393836
51,Enfermeras en instituciones públicas de salud por cada 100 mil habitantes,mun,11043,Victoria,Total,2021,166.251039068994
51,Enfermeras en instituciones públicas de salud por cada 100 mil habitantes,mun,11043,Victoria,Total,2023,160.146419583619
1055,Tasa de mortalidad por diabetes y enfermedades hipertensivas,mun,11043,Victoria,Mujeres,2020,18.31501831501831
1055,Tasa de mortalidad por diabetes y enfermedades hipertensivas,mun,11043,Victoria,Hombres,2020,13.8203356367226
583,Índice de marginación,mun,11043,Victoria,Total,2020,53.004785386498
1055,Tasa de mortalidad por diabetes y enfermedades hipertensivas,mun,11043,Victoria,Mujeres,2022,13.0890052356021
51,Enfermeras en instituciones públicas de salud por cada 100 mil habitantes,mun,11043,Victoria,Total,2022,161.038004969173
36,Mortalidad por diabetes mellitus por cada 100 mil habitantes,mun,11043,Victoria,Hombres,2023,58.156440825821505
52,Camas censables por cada 100 mil habitantes,mun,11043,Victoria,Total,2021,0.0
45,Porcentaje de población con carencia por acceso a los servicios de salud,mun,11043,Victoria,Mujeres,2020,15.22925
36,Mortalidad por diabetes mellitus por cada 100 mil habitantes,mun,11043,Victoria,Total,2021,106.215941627413
11,Porcentaje de población en situación de pobreza,mun,11043,Victoria,Total,2020,49.6300207977
1055,Tasa de mortalidad por diabetes y enfermedades hipertensivas,mun,11043,Victoria,Mujeres,2023,6.066909343040389
52,Camas censables por cada 100 mil habitantes,mun,11043,Victoria,Total,2022,0.0
1055,Tasa de mortalidad por diabetes y enfermedades hipertensivas,mun,11043,Victoria,Total,2020,16.20670494536025
36,Mortalidad por diabetes mellitus por cada 100 mil habitantes,mun,11043,Victoria,Total,2023,54.907343857240896
52,Camas censables por cada 100 mil habitantes,mun,11043,Victoria,Total,2020,0.0
1055,Tasa de mortalidad por diabetes y enfermedades hipertensivas,mun,11043,Victoria,Mujeres,2021,13.15674063678625
1055,Tasa de mortalidad por diabetes y enfermedades hipertensivas,mun,11043,Victoria,Hombres,2022,13.62663032898579
11,Porcentaje de población en situación de pobreza,mun,11043,Victoria,Mujeres,2020,49.69957
1055,Tasa de mortalidad por diabetes y enfermedades hipertensivas,mun,11043,Victoria,Total,2021,12.46882793017456
36,Mortalidad por diabetes mellitus por cada 100 mil habitantes,mun,11043,Victoria,Mujeres,2021,105.25392509429
52,Camas censables por cada 100 mil habitantes,mun,11043,Victoria,Total,2023,0.0
13,Índice de rezago social,mun,11043,Victoria,Total,2020,0.091415
51,Enfermeras en instituciones públicas de salud por cada 100 mil habitantes,mun,11044,Villagrán,Total,2022,158.012553219506
51,Enfermeras en instituciones públicas de salud por cada 100 mil habitantes,mun,11044,Villagrán,Total,2021,162.563177962344
52,Camas censables por cada 100 mil habitantes,mun,11044,Villagrán,Total,2020,22.36335987118705
36,Mortalidad por diabetes mellitus por cada 100 mil habitantes,mun,11044,Villagrán,Mujeres,2022,91.35809518371539
1055,Tasa de mortalidad por diabetes y enfermedades hipertensivas,mun,11044,Villagrán,Total,2022,12.58248108970138
1055,Tasa de mortalidad por diabetes y enfermedades hipertensivas,mun,11044,Villagrán,Total,2023,13.163223977318752
45,Porcentaje de población con carencia por acceso a los servicios de salud,mun,11044,Villagrán,Total,2020,21.24033144
1055,Tasa de mortalidad por diabetes y enfermedades hipertensivas,mun,11044,Villagrán,Mujeres,2020,17.45556105082478
1055,Tasa de mortalidad por diabetes y enfermedades hipertensivas,mun,11044,Villagrán,Mujeres,2021,15.58261672534195
51,Enfermeras en instituciones públicas de salud por cada 100 mil habitantes,mun,11044,Villagrán,Total,2023,151.883353584447
11,Porcentaje de población en situación de pobreza,mun,11044,Villagrán,Hombres,2020,36.900452
36,Mortalidad por diabetes mellitus por cada 100 mil habitantes,mun,11044,Villagrán,Mujeres,2020,165.827829982835
36,Mortalidad por diabetes mellitus por cada 100 mil habitantes,mun,11044,Villagrán,Total,2022,106.804781342814
1055,Tasa de mortalidad por diabetes y enfermedades hipertensivas,mun,11044,Villagrán,Hombres,2021,11.2080455591906
45,Porcentaje de población con carencia por acceso a los servicios de salud,mun,11044,Villagrán,Mujeres,2020,20.520966
1055,Tasa de mortalidad por diabetes y enfermedades hipertensivas,mun,11044,Villagrán,Hombres,2023,12.465497284302378
36,Mortalidad por diabetes mellitus por cada 100 mil habitantes,mun,11044,Villagrán,Mujeres,2023,124.157002172748
45,Porcentaje de población con carencia por acceso a los servicios de salud,mun,11044,Villagrán,Hombres,2020,21.97984
1055,Tasa de mortalidad por diabetes y enfermedades hipertensivas,mun,11044,Villagrán,Hombres,2020,15.29005229197884
583,Índice de marginación,mun,11044,Villagrán,Total,2020,57.7476757905276
1055,Tasa de mortalidad por diabetes y enfermedades hipertensivas,mun,11044,Villagrán,Mujeres,2022,11.99074999286265
1055,Tasa de mortalidad por diabetes y enfermedades hipertensivas,mun,11044,Villagrán,Total,2021,13.44840835870304
52,Camas censables por cada 100 mil habitantes,mun,11044,Villagrán,Total,2023,21.69762194063531
13,Índice de rezago social,mun,11044,Villagrán,Total,2020,-0.995057
1055,Tasa de mortalidad por diabetes y enfermedades hipertensivas,mun,11044,Villagrán,Hombres,2022,13.20448952643899
51,Enfermeras en instituciones públicas de salud por cada 100 mil habitantes,mun,11044,Villagrán,Total,2020,125.234815278647
36,Mortalidad por diabetes mellitus por cada 100 mil habitantes,mun,11044,Villagrán,Total,2023,115.720650350055
36,Mortalidad por diabetes mellitus por cada 100 mil habitantes,mun,11044,Villagrán,Total,2021,124.139154080336
11,Porcentaje de población en situación de pobreza,mun,11044,Villagrán,Total,2020,36.9578894535
52,Camas censables por cada 100 mil habitantes,mun,11044,Villagrán,Total,2021,22.16770608577425
1055,Tasa de mortalidad por diabetes y enfermedades hipertensivas,mun,11044,Villagrán,Total,2020,16.3997972388705
1055,Tasa de mortalidad por diabetes y enfermedades hipertensivas,mun,11044,Villagrán,Mujeres,2023,13.826575241965067
52,Camas censables por cada 100 mil habitantes,mun,11044,Villagrán,Total,2022,21.94618794715358
36,Mortalidad por diabetes mellitus por cada 100 mil habitantes,mun,11044,Villagrán,Mujeres,2021,150.054827725515
36,Mortalidad por diabetes mellitus por cada 100 mil habitantes,mun,11044,Villagrán,Total,2020,147.598175149835
11,Porcentaje de población en situación de pobreza,mun,11044,Villagrán,Mujeres,2020,37.013763
51,Enfermeras en instituciones públicas de salud por cada 100 mil habitantes,mun,11045,Xichú,Total,2022,241.286863270778
51,Enfermeras en instituciones públicas de salud por cada 100 mil habitantes,mun,11045,Xichú,Total,2020,248.778320746335
51,Enfermeras en instituciones públicas de salud por cada 100 mil habitantes,mun,11045,Xichú,Total,2021,267.546597699099
1055,Tasa de mortalidad por diabetes y enfermedades hipertensivas,mun,11045,Xichú,Total,2020,17.76988005330964
45,Porcentaje de población con carencia por acceso a los servicios de salud,mun,11045,Xichú,Total,2020,6.58507724899999
1055,Tasa de mortalidad por diabetes y enfermedades hipertensivas,mun,11045,Xichú,Total,2023,8.94934669769107
11,Porcentaje de población en situación de pobreza,mun,11045,Xichú,Total,2020,61.3794007058
1055,Tasa de mortalidad por diabetes y enfermedades hipertensivas,mun,11045,Xichú,Total,2022,9.830205540661304
36,Mortalidad por diabetes mellitus por cada 100 mil habitantes,mun,11045,Xichú,Total,2023,62.6454268838375
1055,Tasa de mortalidad por diabetes y enfermedades hipertensivas,mun,11045,Xichú,Hombres,2020,13.11106948866829
52,Camas censables por cada 100 mil habitantes,mun,11045,Xichú,Total,2020,0.0
36,Mortalidad por diabetes mellitus por cada 100 mil habitantes,mun,11045,Xichú,Mujeres,2021,51.6351118760757
1055,Tasa de mortalidad por diabetes y enfermedades hipertensivas,mun,11045,Xichú,Hombres,2023,9.307520476545049
1055,Tasa de mortalidad por diabetes y enfermedades hipertensivas,mun,11045,Xichú,Mujeres,2023,8.617718028266113
583,Índice de marginación,mun,11045,Xichú,Total,2020,51.4984381356938
1055,Tasa de mortalidad por diabetes y enfermedades hipertensivas,mun,11045,Xichú,Mujeres,2022,12.05441708283107
1055,Tasa de mortalidad por diabetes y enfermedades hipertensivas,mun,11045,Xichú,Total,2021,14.26915187728529
1055,Tasa de mortalidad por diabetes y enfermedades hipertensivas,mun,11045,Xichú,Mujeres,2020,21.97430696416498
51,Enfermeras en instituciones públicas de salud por cada 100 mil habitantes,mun,11045,Xichú,Total,2023,241.632360837659
52,Camas censables por cada 100 mil habitantes,mun,11045,Xichú,Total,2021,0.0
1055,Tasa de mortalidad por diabetes y enfermedades hipertensivas,mun,11045,Xichú,Mujeres,2021,8.605851979345955
1055,Tasa de mortalidad por diabetes y enfermedades hipertensivas,mun,11045,Xichú,Hombres,2021,20.35905978160281
36,Mortalidad por diabetes mellitus por cada 100 mil habitantes,mun,11045,Xichú,Hombres,2023,74.4601638123604
36,Mortalidad por diabetes mellitus por cada 100 mil habitantes,mun,11045,Xichú,Mujeres,2023,51.7063081695967
52,Camas censables por cada 100 mil habitantes,mun,11045,Xichú,Total,2022,0.0
36,Mortalidad por diabetes mellitus por cada 100 mil habitantes,mun,11045,Xichú,Mujeres,2020,185.936443542934
11,Porcentaje de población en situación de pobreza,mun,11045,Xichú,Hombres,2020,62.184526
52,Camas censables por cada 100 mil habitantes,mun,11045,Xichú,Total,2023,0.0
45,Porcentaje de población con carencia por acceso a los servicios de salud,mun,11045,Xichú,Hombres,2020,7.403497
13,Índice de rezago social,mun,11045,Xichú,Total,2020,0.44792
36,Mortalidad por diabetes mellitus por cada 100 mil habitantes,mun,11045,Xichú,Mujeres,2022,86.10297916307901
11,Porcentaje de población en situación de pobreza,mun,11045,Xichú,Mujeres,2020,60.701741
1055,Tasa de mortalidad por diabetes y enfermedades hipertensivas,mun,11045,Xichú,Hombres,2022,7.43080066877206
36,Mortalidad por diabetes mellitus por cada 100 mil habitantes,mun,11046,Yuriria,Total,2022,115.59190278721
36,Mortalidad por diabetes mellitus por cada 100 mil habitantes,mun,11046,Yuriria,Total,2023,150.319428786171
51,Enfermeras en instituciones públicas de salud por cada 100 mil habitantes,mun,11046,Yuriria,Total,2021,165.854221350486
45,Porcentaje de población con carencia por acceso a los servicios de salud,mun,11046,Yuriria,Total,2020,22.83002374
1055,Tasa de mortalidad por diabetes y enfermedades hipertensivas,mun,11046,Yuriria,Total,2021,19.32562231388272
45,Porcentaje de población con carencia por acceso a los servicios de salud,mun,11046,Yuriria,Mujeres,2020,21.938415
1055,Tasa de mortalidad por diabetes y enfermedades hipertensivas,mun,11046,Yuriria,Hombres,2020,17.40644038294169
1055,Tasa de mortalidad por diabetes y enfermedades hipertensivas,mun,11046,Yuriria,Total,2023,16.621859913855403
1055,Tasa de mortalidad por diabetes y enfermedades hipertensivas,mun,11046,Yuriria,Total,2022,12.42612954962505
1055,Tasa de mortalidad por diabetes y enfermedades hipertensivas,mun,11046,Yuriria,Mujeres,2020,15.72934488658315
45,Porcentaje de población con carencia por acceso a los servicios de salud,mun,11046,Yuriria,Hombres,2020,23.770752
11,Porcentaje de población en situación de pobreza,mun,11046,Yuriria,Total,2020,58.5638603135
51,Enfermeras en instituciones públicas de salud por cada 100 mil habitantes,mun,11046,Yuriria,Total,2020,163.889647637258
11,Porcentaje de población en situación de pobreza,mun,11046,Yuriria,Mujeres,2020,59.251376
1055,Tasa de mortalidad por diabetes y enfermedades hipertensivas,mun,11046,Yuriria,Mujeres,2023,14.680627112071353
52,Camas censables por cada 100 mil habitantes,mun,11046,Yuriria,Total,2022,23.11838055744195
1055,Tasa de mortalidad por diabetes y enfermedades hipertensivas,mun,11046,Yuriria,Total,2020,16.53272761253037
1055,Tasa de mortalidad por diabetes y enfermedades hipertensivas,mun,11046,Yuriria,Mujeres,2022,13.85195035460993
36,Mortalidad por diabetes mellitus por cada 100 mil habitantes,mun,11046,Yuriria,Total,2020,149.513362756796
13,Índice de rezago social,mun,11046,Yuriria,Total,2020,-0.50204
1055,Tasa de mortalidad por diabetes y enfermedades hipertensivas,mun,11046,Yuriria,Mujeres,2021,19.37501729912259
583,Índice de marginación,mun,11046,Yuriria,Total,2020,55.54535694064
51,Enfermeras en instituciones públicas de salud por cada 100 mil habitantes,mun,11046,Yuriria,Total,2023,160.437082646778
36,Mortalidad por diabetes mellitus por cada 100 mil habitantes,mun,11046,Yuriria,Mujeres,2022,132.978723404255
1055,Tasa de mortalidad por diabetes y enfermedades hipertensivas,mun,11046,Yuriria,Hombres,2022,10.87186301452602
52,Camas censables por cada 100 mil habitantes,mun,11046,Yuriria,Total,2020,23.00205580873791
52,Camas censables por cada 100 mil habitantes,mun,11046,Yuriria,Total,2023,23.12606596710317
11,Porcentaje de población en situación de pobreza,mun,11046,Yuriria,Hombres,2020,57.838469
1055,Tasa de mortalidad por diabetes y enfermedades hipertensivas,mun,11046,Yuriria,Hombres,2023,18.740176520372383
51,Enfermeras en instituciones públicas de salud por cada 100 mil habitantes,mun,11046,Yuriria,Total,2022,158.938866332413
1055,Tasa de mortalidad por diabetes y enfermedades hipertensivas,mun,11046,Yuriria,Hombres,2021,19.27188412779668
36,Mortalidad por diabetes mellitus por cada 100 mil habitantes,mun,11046,Yuriria,Mujeres,2021,171.607296077943
52,Camas censables por cada 100 mil habitantes,mun,11046,Yuriria,Total,2021,23.07536992702414
1055,Tasa de mortalidad por diabetes y enfermedades hipertensivas,mun,11035,Santa Cruz de Juventino Rosas,Hombres,2021,14.97641215086239
52,Camas censables por cada 100 mil habitantes,mun,11035,Santa Cruz de Juventino Rosas,Total,2020,22.79571440569173
45,Porcentaje de población con carencia por acceso a los servicios de salud,mun,11035,Santa Cruz de Juventino Rosas,Mujeres,2020,27.7901
36,Mortalidad por diabetes mellitus por cada 100 mil habitantes,mun,11035,Santa Cruz de Juventino Rosas,Mujeres,2022,70.0345503781866
1055,Tasa de mortalidad por diabetes y enfermedades hipertensivas,mun,11035,Santa Cruz de Juventino Rosas,Total,2020,14.75722564157938
1055,Tasa de mortalidad por diabetes y enfermedades hipertensivas,mun,11035,Santa Cruz de Juventino Rosas,Total,2021,12.77293102617246
1055,Tasa de mortalidad por diabetes y enfermedades hipertensivas,mun,11035,Santa Cruz de Juventino Rosas,Mujeres,2020,11.69832094687586
36,Mortalidad por diabetes mellitus por cada 100 mil habitantes,mun,11035,Santa Cruz de Juventino Rosas,Total,2021,115.679375331373
52,Camas censables por cada 100 mil habitantes,mun,11035,Santa Cruz de Juventino Rosas,Total,2021,22.89487636766762
1055,Tasa de mortalidad por diabetes y enfermedades hipertensivas,mun,11035,Santa Cruz de Juventino Rosas,Total,2022,9.912480054155989
51,Enfermeras en instituciones públicas de salud por cada 100 mil habitantes,mun,11035,Santa Cruz de Juventino Rosas,Total,2022,134.181132440404
11,Porcentaje de población en situación de pobreza,mun,11035,Santa Cruz de Juventino Rosas,Mujeres,2020,60.639275
52,Camas censables por cada 100 mil habitantes,mun,11035,Santa Cruz de Juventino Rosas,Total,2023,23.00659926136708
583,Índice de marginación,mun,11035,Santa Cruz de Juventino Rosas,Total,2020,56.1745084950172
51,Enfermeras en instituciones públicas de salud por cada 100 mil habitantes,mun,11035,Santa Cruz de Juventino Rosas,Total,2023,142.883090149543
45,Porcentaje de población con carencia por acceso a los servicios de salud,mun,11035,Santa Cruz de Juventino Rosas,Total,2020,29.42655034
51,Enfermeras en instituciones públicas de salud por cada 100 mil habitantes,mun,11035,Santa Cruz de Juventino Rosas,Total,2021,136.164264712971
1055,Tasa de mortalidad por diabetes y enfermedades hipertensivas,mun,11035,Santa Cruz de Juventino Rosas,Hombres,2020,18.11184061580258
36,Mortalidad por diabetes mellitus por cada 100 mil habitantes,mun,11035,Santa Cruz de Juventino Rosas,Mujeres,2020,100.926690522066
36,Mortalidad por diabetes mellitus por cada 100 mil habitantes,mun,11035,Santa Cruz de Juventino Rosas,Total,2020,131.975188664531
11,Porcentaje de población en situación de pobreza,mun,11035,Santa Cruz de Juventino Rosas,Hombres,2020,59.720638
1055,Tasa de mortalidad por diabetes y enfermedades hipertensivas,mun,11035,Santa Cruz de Juventino Rosas,Total,2023,12.108736453351092
13,Índice de rezago social,mun,11035,Santa Cruz de Juventino Rosas,Total,2020,-0.594873
36,Mortalidad por diabetes mellitus por cada 100 mil habitantes,mun,11035,Santa Cruz de Juventino Rosas,Mujeres,2023,116.830618968619
1055,Tasa de mortalidad por diabetes y enfermedades hipertensivas,mun,11035,Santa Cruz de Juventino Rosas,Hombres,2023,11.309942696290339
1055,Tasa de mortalidad por diabetes y enfermedades hipertensivas,mun,11035,Santa Cruz de Juventino Rosas,Hombres,2022,10.78018451664661
51,Enfermeras en instituciones públicas de salud por cada 100 mil habitantes,mun,11035,Santa Cruz de Juventino Rosas,Total,2020,127.176090894912
1055,Tasa de mortalidad por diabetes y enfermedades hipertensivas,mun,11035,Santa Cruz de Juventino Rosas,Mujeres,2021,10.71636575422248
45,Porcentaje de población con carencia por acceso a los servicios de salud,mun,11035,Santa Cruz de Juventino Rosas,Hombres,2020,31.155384
1055,Tasa de mortalidad por diabetes y enfermedades hipertensivas,mun,11035,Santa Cruz de Juventino Rosas,Mujeres,2022,9.104491549164257
52,Camas censables por cada 100 mil habitantes,mun,11035,Santa Cruz de Juventino Rosas,Total,2022,22.96794158889802
11,Porcentaje de población en situación de pobreza,mun,11035,Santa Cruz de Juventino Rosas,Total,2020,60.1925653551
1055,Tasa de mortalidad por diabetes y enfermedades hipertensivas,mun,11035,Santa Cruz de Juventino Rosas,Mujeres,2023,12.851368086548122
36,Mortalidad por diabetes mellitus por cada 100 mil habitantes,mun,11035,Santa Cruz de Juventino Rosas,Mujeres,2021,100.174723354688
45,Porcentaje de población con carencia por acceso a los servicios de salud,mun,11040,Tierra Blanca,Total,2020,26.21921481
1055,Tasa de mortalidad por diabetes y enfermedades hipertensivas,mun,11040,Tierra Blanca,Total,2023,5.7246445949813936
1055,Tasa de mortalidad por diabetes y enfermedades hipertensivas,mun,11040,Tierra Blanca,Hombres,2023,5.899705014749262
1055,Tasa de mortalidad por diabetes y enfermedades hipertensivas,mun,11040,Tierra Blanca,Total,2022,11.10145766965924
52,Camas censables por cada 100 mil habitantes,mun,11040,Tierra Blanca,Total,2021,0.0
11,Porcentaje de población en situación de pobreza,mun,11040,Tierra Blanca,Hombres,2020,53.360002
11,Porcentaje de población en situación de pobreza,mun,11040,Tierra Blanca,Mujeres,2020,54.697475
45,Porcentaje de población con carencia por acceso a los servicios de salud,mun,11040,Tierra Blanca,Mujeres,2020,23.37119
1055,Tasa de mortalidad por diabetes y enfermedades hipertensivas,mun,11040,Tierra Blanca,Total,2020,12.29770278911899
583,Índice de marginación,mun,11040,Tierra Blanca,Total,2020,52.5499917148746
1055,Tasa de mortalidad por diabetes y enfermedades hipertensivas,mun,11040,Tierra Blanca,Mujeres,2021,13.27265832385286
1055,Tasa de mortalidad por diabetes y enfermedades hipertensivas,mun,11040,Tierra Blanca,Hombres,2020,11.1697806661251
1055,Tasa de mortalidad por diabetes y enfermedades hipertensivas,mun,11040,Tierra Blanca,Mujeres,2022,11.25703564727955
36,Mortalidad por diabetes mellitus por cada 100 mil habitantes,mun,11040,Tierra Blanca,Hombres,2023,49.164208456243905
52,Camas censables por cada 100 mil habitantes,mun,11040,Tierra Blanca,Total,2023,0.0
36,Mortalidad por diabetes mellitus por cada 100 mil habitantes,mun,11040,Tierra Blanca,Mujeres,2020,124.033966224597
36,Mortalidad por diabetes mellitus por cada 100 mil habitantes,mun,11040,Tierra Blanca,Mujeres,2021,113.765642775882
52,Camas censables por cada 100 mil habitantes,mun,11040,Tierra Blanca,Total,2020,0.0
52,Camas censables por cada 100 mil habitantes,mun,11040,Tierra Blanca,Total,2022,0.0
1055,Tasa de mortalidad por diabetes y enfermedades hipertensivas,mun,11040,Tierra Blanca,Total,2021,13.16623591944214
45,Porcentaje de población con carencia por acceso a los servicios de salud,mun,11040,Tierra Blanca,Hombres,2020,29.23251
1055,Tasa de mortalidad por diabetes y enfermedades hipertensivas,mun,11040,Tierra Blanca,Mujeres,2023,5.559673832468495
11,Porcentaje de población en situación de pobreza,mun,11040,Tierra Blanca,Total,2020,54.0475949598
36,Mortalidad por diabetes mellitus por cada 100 mil habitantes,mun,11040,Tierra Blanca,Mujeres,2022,93.80863039399631
1055,Tasa de mortalidad por diabetes y enfermedades hipertensivas,mun,11040,Tierra Blanca,Hombres,2021,13.05351942966161
36,Mortalidad por diabetes mellitus por cada 100 mil habitantes,mun,11040,Tierra Blanca,Total,2021,117.033208172819
1055,Tasa de mortalidad por diabetes y enfermedades hipertensivas,mun,11040,Tierra Blanca,Mujeres,2020,13.35750405495659
51,Enfermeras en instituciones públicas de salud por cada 100 mil habitantes,mun,11040,Tierra Blanca,Total,2023,143.116114874535
1055,Tasa de mortalidad por diabetes y enfermedades hipertensivas,mun,11040,Tierra Blanca,Hombres,2022,10.93656790614436
51,Enfermeras en instituciones públicas de salud por cada 100 mil habitantes,mun,11040,Tierra Blanca,Total,2020,147.572433469428
51,Enfermeras en instituciones públicas de salud por cada 100 mil habitantes,mun,11040,Tierra Blanca,Total,2021,146.291510216024
13,Índice de rezago social,mun,11040,Tierra Blanca,Total,2020,0.325468
51,Enfermeras en instituciones públicas de salud por cada 100 mil habitantes,mun,11040,Tierra Blanca,Total,2022,144.801621778164
